file,line,type,commit,author,date,time,timezone,datetime,depth,length
style.css,1,css,596fed6,Brian Jing,2025-11-07,11:08:35,-08:00,2025-11-07T11:08:35-08:00,0,22
style.css,2,css,596fed6,Brian Jing,2025-11-07,11:08:35,-08:00,2025-11-07T11:08:35-08:00,1,15
style.css,3,css,596fed6,Brian Jing,2025-11-07,11:08:35,-08:00,2025-11-07T11:08:35-08:00,1,17
style.css,4,css,596fed6,Brian Jing,2025-11-07,11:08:35,-08:00,2025-11-07T11:08:35-08:00,0,0
style.css,5,css,596fed6,Brian Jing,2025-11-07,11:08:35,-08:00,2025-11-07T11:08:35-08:00,0,2
style.css,6,css,596fed6,Brian Jing,2025-11-07,11:08:35,-08:00,2025-11-07T11:08:35-08:00,1,14
style.css,7,css,596fed6,Brian Jing,2025-11-07,11:08:35,-08:00,2025-11-07T11:08:35-08:00,0,0
style.css,8,css,596fed6,Brian Jing,2025-11-07,11:08:35,-08:00,2025-11-07T11:08:35-08:00,0,0
style.css,9,css,596fed6,Brian Jing,2025-11-07,11:08:35,-08:00,2025-11-07T11:08:35-08:00,0,5
style.css,10,css,596fed6,Brian Jing,2025-11-07,11:08:35,-08:00,2025-11-07T11:08:35-08:00,1,23
style.css,11,css,596fed6,Brian Jing,2025-11-07,11:08:35,-08:00,2025-11-07T11:08:35-08:00,1,32
style.css,12,css,596fed6,Brian Jing,2025-11-07,11:08:35,-08:00,2025-11-07T11:08:35-08:00,0,0
style.css,13,css,596fed6,Brian Jing,2025-11-07,11:08:35,-08:00,2025-11-07T11:08:35-08:00,0,0
style.css,14,css,596fed6,Brian Jing,2025-11-07,11:08:35,-08:00,2025-11-07T11:08:35-08:00,0,3
style.css,15,css,596fed6,Brian Jing,2025-11-07,11:08:35,-08:00,2025-11-07T11:08:35-08:00,1,14
style.css,16,css,596fed6,Brian Jing,2025-11-07,11:08:35,-08:00,2025-11-07T11:08:35-08:00,1,50
style.css,17,css,596fed6,Brian Jing,2025-11-07,11:08:35,-08:00,2025-11-07T11:08:35-08:00,0,0
style.css,18,css,596fed6,Brian Jing,2025-11-07,11:08:35,-08:00,2025-11-07T11:08:35-08:00,0,0
style.css,19,css,596fed6,Brian Jing,2025-11-07,11:08:35,-08:00,2025-11-07T11:08:35-08:00,0,4
style.css,20,css,596fed6,Brian Jing,2025-11-07,11:08:35,-08:00,2025-11-07T11:08:35-08:00,1,23
style.css,21,css,596fed6,Brian Jing,2025-11-07,11:08:35,-08:00,2025-11-07T11:08:35-08:00,1,15
style.css,22,css,596fed6,Brian Jing,2025-11-07,11:08:35,-08:00,2025-11-07T11:08:35-08:00,1,18
style.css,23,css,596fed6,Brian Jing,2025-11-07,11:08:35,-08:00,2025-11-07T11:08:35-08:00,1,15
style.css,24,css,596fed6,Brian Jing,2025-11-07,11:08:35,-08:00,2025-11-07T11:08:35-08:00,1,32
style.css,25,css,596fed6,Brian Jing,2025-11-07,11:08:35,-08:00,2025-11-07T11:08:35-08:00,0,0
style.css,26,css,596fed6,Brian Jing,2025-11-07,11:08:35,-08:00,2025-11-07T11:08:35-08:00,0,0
style.css,27,css,596fed6,Brian Jing,2025-11-07,11:08:35,-08:00,2025-11-07T11:08:35-08:00,0,4
style.css,28,css,596fed6,Brian Jing,2025-11-07,11:08:35,-08:00,2025-11-07T11:08:35-08:00,0,7
style.css,29,css,596fed6,Brian Jing,2025-11-07,11:08:35,-08:00,2025-11-07T11:08:35-08:00,0,6
style.css,30,css,596fed6,Brian Jing,2025-11-07,11:08:35,-08:00,2025-11-07T11:08:35-08:00,1,12
style.css,31,css,596fed6,Brian Jing,2025-11-07,11:08:35,-08:00,2025-11-07T11:08:35-08:00,0,0
style.css,32,css,596fed6,Brian Jing,2025-11-07,11:08:35,-08:00,2025-11-07T11:08:35-08:00,0,0
style.css,33,css,596fed6,Brian Jing,2025-11-07,11:08:35,-08:00,2025-11-07T11:08:35-08:00,0,4
style.css,34,css,596fed6,Brian Jing,2025-11-07,11:08:35,-08:00,2025-11-07T11:08:35-08:00,1,12
style.css,35,css,596fed6,Brian Jing,2025-11-07,11:08:35,-08:00,2025-11-07T11:08:35-08:00,1,30
style.css,36,css,596fed6,Brian Jing,2025-11-07,11:08:35,-08:00,2025-11-07T11:08:35-08:00,1,7
style.css,37,css,596fed6,Brian Jing,2025-11-07,11:08:35,-08:00,2025-11-07T11:08:35-08:00,0,0
style.css,38,css,596fed6,Brian Jing,2025-11-07,11:08:35,-08:00,2025-11-07T11:08:35-08:00,0,0
style.css,39,css,596fed6,Brian Jing,2025-11-07,11:08:35,-08:00,2025-11-07T11:08:35-08:00,0,0
style.css,40,css,596fed6,Brian Jing,2025-11-07,11:08:35,-08:00,2025-11-07T11:08:35-08:00,0,5
style.css,41,css,596fed6,Brian Jing,2025-11-07,11:08:35,-08:00,2025-11-07T11:08:35-08:00,1,12
style.css,42,css,596fed6,Brian Jing,2025-11-07,11:08:35,-08:00,2025-11-07T11:08:35-08:00,1,29
style.css,43,css,596fed6,Brian Jing,2025-11-07,11:08:35,-08:00,2025-11-07T11:08:35-08:00,1,18
style.css,44,css,596fed6,Brian Jing,2025-11-07,11:08:35,-08:00,2025-11-07T11:08:35-08:00,0,0
style.css,45,css,596fed6,Brian Jing,2025-11-07,11:08:35,-08:00,2025-11-07T11:08:35-08:00,0,0
style.css,46,css,596fed6,Brian Jing,2025-11-07,11:08:35,-08:00,2025-11-07T11:08:35-08:00,0,7
style.css,47,css,596fed6,Brian Jing,2025-11-07,11:08:35,-08:00,2025-11-07T11:08:35-08:00,0,6
style.css,48,css,596fed6,Brian Jing,2025-11-07,11:08:35,-08:00,2025-11-07T11:08:35-08:00,1,18
style.css,49,css,596fed6,Brian Jing,2025-11-07,11:08:35,-08:00,2025-11-07T11:08:35-08:00,0,0
style.css,50,css,596fed6,Brian Jing,2025-11-07,11:08:35,-08:00,2025-11-07T11:08:35-08:00,0,0
style.css,51,css,596fed6,Brian Jing,2025-11-07,11:08:35,-08:00,2025-11-07T11:08:35-08:00,0,6
style.css,52,css,596fed6,Brian Jing,2025-11-07,11:08:35,-08:00,2025-11-07T11:08:35-08:00,1,19
style.css,53,css,596fed6,Brian Jing,2025-11-07,11:08:35,-08:00,2025-11-07T11:08:35-08:00,1,17
style.css,54,css,596fed6,Brian Jing,2025-11-07,11:08:35,-08:00,2025-11-07T11:08:35-08:00,1,36
style.css,55,css,596fed6,Brian Jing,2025-11-07,11:08:35,-08:00,2025-11-07T11:08:35-08:00,1,11
style.css,56,css,596fed6,Brian Jing,2025-11-07,11:08:35,-08:00,2025-11-07T11:08:35-08:00,1,11
style.css,57,css,596fed6,Brian Jing,2025-11-07,11:08:35,-08:00,2025-11-07T11:08:35-08:00,1,17
style.css,58,css,596fed6,Brian Jing,2025-11-07,11:08:35,-08:00,2025-11-07T11:08:35-08:00,1,14
style.css,59,css,596fed6,Brian Jing,2025-11-07,11:08:35,-08:00,2025-11-07T11:08:35-08:00,0,0
style.css,60,css,596fed6,Brian Jing,2025-11-07,11:08:35,-08:00,2025-11-07T11:08:35-08:00,0,0
style.css,61,css,596fed6,Brian Jing,2025-11-07,11:08:35,-08:00,2025-11-07T11:08:35-08:00,0,0
style.css,62,css,596fed6,Brian Jing,2025-11-07,11:08:35,-08:00,2025-11-07T11:08:35-08:00,0,6
style.css,63,css,596fed6,Brian Jing,2025-11-07,11:08:35,-08:00,2025-11-07T11:08:35-08:00,1,16
style.css,64,css,596fed6,Brian Jing,2025-11-07,11:08:35,-08:00,2025-11-07T11:08:35-08:00,0,0
style.css,65,css,596fed6,Brian Jing,2025-11-07,11:08:35,-08:00,2025-11-07T11:08:35-08:00,0,6
style.css,66,css,596fed6,Brian Jing,2025-11-07,11:08:35,-08:00,2025-11-07T11:08:35-08:00,1,16
style.css,67,css,596fed6,Brian Jing,2025-11-07,11:08:35,-08:00,2025-11-07T11:08:35-08:00,0,0
style.css,68,css,596fed6,Brian Jing,2025-11-07,11:08:35,-08:00,2025-11-07T11:08:35-08:00,0,3
style.css,69,css,596fed6,Brian Jing,2025-11-07,11:08:35,-08:00,2025-11-07T11:08:35-08:00,1,39
style.css,70,css,596fed6,Brian Jing,2025-11-07,11:08:35,-08:00,2025-11-07T11:08:35-08:00,1,12
style.css,71,css,596fed6,Brian Jing,2025-11-07,11:08:35,-08:00,2025-11-07T11:08:35-08:00,1,17
style.css,72,css,596fed6,Brian Jing,2025-11-07,11:08:35,-08:00,2025-11-07T11:08:35-08:00,1,42
style.css,73,css,596fed6,Brian Jing,2025-11-07,11:08:35,-08:00,2025-11-07T11:08:35-08:00,0,0
style.css,74,css,596fed6,Brian Jing,2025-11-07,11:08:35,-08:00,2025-11-07T11:08:35-08:00,0,5
style.css,75,css,596fed6,Brian Jing,2025-11-07,11:08:35,-08:00,2025-11-07T11:08:35-08:00,1,6
style.css,76,css,596fed6,Brian Jing,2025-11-07,11:08:35,-08:00,2025-11-07T11:08:35-08:00,1,20
style.css,77,css,596fed6,Brian Jing,2025-11-07,11:08:35,-08:00,2025-11-07T11:08:35-08:00,1,13
style.css,78,css,596fed6,Brian Jing,2025-11-07,11:08:35,-08:00,2025-11-07T11:08:35-08:00,1,17
style.css,79,css,596fed6,Brian Jing,2025-11-07,11:08:35,-08:00,2025-11-07T11:08:35-08:00,1,13
style.css,80,css,596fed6,Brian Jing,2025-11-07,11:08:35,-08:00,2025-11-07T11:08:35-08:00,0,0
style.css,81,css,596fed6,Brian Jing,2025-11-07,11:08:35,-08:00,2025-11-07T11:08:35-08:00,0,13
style.css,82,css,596fed6,Brian Jing,2025-11-07,11:08:35,-08:00,2025-11-07T11:08:35-08:00,1,25
style.css,83,css,596fed6,Brian Jing,2025-11-07,11:08:35,-08:00,2025-11-07T11:08:35-08:00,1,25
style.css,84,css,596fed6,Brian Jing,2025-11-07,11:08:35,-08:00,2025-11-07T11:08:35-08:00,1,39
style.css,85,css,596fed6,Brian Jing,2025-11-07,11:08:35,-08:00,2025-11-07T11:08:35-08:00,1,20
style.css,86,css,596fed6,Brian Jing,2025-11-07,11:08:35,-08:00,2025-11-07T11:08:35-08:00,0,0
style.css,87,css,596fed6,Brian Jing,2025-11-07,11:08:35,-08:00,2025-11-07T11:08:35-08:00,0,11
style.css,88,css,596fed6,Brian Jing,2025-11-07,11:08:35,-08:00,2025-11-07T11:08:35-08:00,1,69
style.css,89,css,596fed6,Brian Jing,2025-11-07,11:08:35,-08:00,2025-11-07T11:08:35-08:00,1,25
style.css,90,css,596fed6,Brian Jing,2025-11-07,11:08:35,-08:00,2025-11-07T11:08:35-08:00,1,25
style.css,91,css,596fed6,Brian Jing,2025-11-07,11:08:35,-08:00,2025-11-07T11:08:35-08:00,1,39
style.css,92,css,596fed6,Brian Jing,2025-11-07,11:08:35,-08:00,2025-11-07T11:08:35-08:00,1,20
style.css,93,css,596fed6,Brian Jing,2025-11-07,11:08:35,-08:00,2025-11-07T11:08:35-08:00,0,0
style.css,94,css,596fed6,Brian Jing,2025-11-07,11:08:35,-08:00,2025-11-07T11:08:35-08:00,0,0
style.css,95,css,596fed6,Brian Jing,2025-11-07,11:08:35,-08:00,2025-11-07T11:08:35-08:00,0,0
style.css,96,css,596fed6,Brian Jing,2025-11-07,11:08:35,-08:00,2025-11-07T11:08:35-08:00,0,18
style.css,97,css,596fed6,Brian Jing,2025-11-07,11:08:35,-08:00,2025-11-07T11:08:35-08:00,0,9
style.css,98,css,596fed6,Brian Jing,2025-11-07,11:08:35,-08:00,2025-11-07T11:08:35-08:00,1,12
style.css,99,css,596fed6,Brian Jing,2025-11-07,11:08:35,-08:00,2025-11-07T11:08:35-08:00,1,57
style.css,100,css,596fed6,Brian Jing,2025-11-07,11:08:35,-08:00,2025-11-07T11:08:35-08:00,1,7
style.css,101,css,596fed6,Brian Jing,2025-11-07,11:08:35,-08:00,2025-11-07T11:08:35-08:00,0,0
style.css,102,css,596fed6,Brian Jing,2025-11-07,11:08:35,-08:00,2025-11-07T11:08:35-08:00,0,0
style.css,103,css,596fed6,Brian Jing,2025-11-07,11:08:35,-08:00,2025-11-07T11:08:35-08:00,0,19
style.css,104,css,596fed6,Brian Jing,2025-11-07,11:08:35,-08:00,2025-11-07T11:08:35-08:00,1,79
style.css,105,css,596fed6,Brian Jing,2025-11-07,11:08:35,-08:00,2025-11-07T11:08:35-08:00,1,34
style.css,106,css,596fed6,Brian Jing,2025-11-07,11:08:35,-08:00,2025-11-07T11:08:35-08:00,1,15
style.css,107,css,596fed6,Brian Jing,2025-11-07,11:08:35,-08:00,2025-11-07T11:08:35-08:00,0,0
style.css,108,css,596fed6,Brian Jing,2025-11-07,11:08:35,-08:00,2025-11-07T11:08:35-08:00,0,0
style.css,109,css,596fed6,Brian Jing,2025-11-07,11:08:35,-08:00,2025-11-07T11:08:35-08:00,0,18
style.css,110,css,596fed6,Brian Jing,2025-11-07,11:08:35,-08:00,2025-11-07T11:08:35-08:00,1,14
style.css,111,css,596fed6,Brian Jing,2025-11-07,11:08:35,-08:00,2025-11-07T11:08:35-08:00,1,16
style.css,112,css,596fed6,Brian Jing,2025-11-07,11:08:35,-08:00,2025-11-07T11:08:35-08:00,0,0
style.css,113,css,596fed6,Brian Jing,2025-11-07,11:08:35,-08:00,2025-11-07T11:08:35-08:00,1,16
style.css,114,css,596fed6,Brian Jing,2025-11-07,11:08:35,-08:00,2025-11-07T11:08:35-08:00,0,0
style.css,115,css,596fed6,Brian Jing,2025-11-07,11:08:35,-08:00,2025-11-07T11:08:35-08:00,0,0
style.css,116,css,596fed6,Brian Jing,2025-11-07,11:08:35,-08:00,2025-11-07T11:08:35-08:00,0,7
style.css,117,css,596fed6,Brian Jing,2025-11-07,11:08:35,-08:00,2025-11-07T11:08:35-08:00,1,20
style.css,118,css,596fed6,Brian Jing,2025-11-07,11:08:35,-08:00,2025-11-07T11:08:35-08:00,1,49
style.css,119,css,596fed6,Brian Jing,2025-11-07,11:08:35,-08:00,2025-11-07T11:08:35-08:00,1,56
style.css,120,css,596fed6,Brian Jing,2025-11-07,11:08:35,-08:00,2025-11-07T11:08:35-08:00,1,36
style.css,121,css,596fed6,Brian Jing,2025-11-07,11:08:35,-08:00,2025-11-07T11:08:35-08:00,1,64
style.css,122,css,596fed6,Brian Jing,2025-11-07,11:08:35,-08:00,2025-11-07T11:08:35-08:00,1,64
style.css,123,css,596fed6,Brian Jing,2025-11-07,11:08:35,-08:00,2025-11-07T11:08:35-08:00,1,21
style.css,124,css,596fed6,Brian Jing,2025-11-07,11:08:35,-08:00,2025-11-07T11:08:35-08:00,0,0
style.css,125,css,596fed6,Brian Jing,2025-11-07,11:08:35,-08:00,2025-11-07T11:08:35-08:00,0,0
style.css,126,css,596fed6,Brian Jing,2025-11-07,11:08:35,-08:00,2025-11-07T11:08:35-08:00,0,7
style.css,127,css,596fed6,Brian Jing,2025-11-07,11:08:35,-08:00,2025-11-07T11:08:35-08:00,1,6
style.css,128,css,596fed6,Brian Jing,2025-11-07,11:08:35,-08:00,2025-11-07T11:08:35-08:00,1,12
style.css,129,css,596fed6,Brian Jing,2025-11-07,11:08:35,-08:00,2025-11-07T11:08:35-08:00,1,57
style.css,130,css,596fed6,Brian Jing,2025-11-07,11:08:35,-08:00,2025-11-07T11:08:35-08:00,1,9
style.css,131,css,596fed6,Brian Jing,2025-11-07,11:08:35,-08:00,2025-11-07T11:08:35-08:00,1,15
style.css,132,css,596fed6,Brian Jing,2025-11-07,11:08:35,-08:00,2025-11-07T11:08:35-08:00,1,9
style.css,133,css,596fed6,Brian Jing,2025-11-07,11:08:35,-08:00,2025-11-07T11:08:35-08:00,1,12
style.css,134,css,596fed6,Brian Jing,2025-11-07,11:08:35,-08:00,2025-11-07T11:08:35-08:00,0,0
style.css,135,css,596fed6,Brian Jing,2025-11-07,11:08:35,-08:00,2025-11-07T11:08:35-08:00,0,0
style.css,136,css,596fed6,Brian Jing,2025-11-07,11:08:35,-08:00,2025-11-07T11:08:35-08:00,0,10
style.css,137,css,596fed6,Brian Jing,2025-11-07,11:08:35,-08:00,2025-11-07T11:08:35-08:00,1,12
style.css,138,css,596fed6,Brian Jing,2025-11-07,11:08:35,-08:00,2025-11-07T11:08:35-08:00,1,18
style.css,139,css,596fed6,Brian Jing,2025-11-07,11:08:35,-08:00,2025-11-07T11:08:35-08:00,1,9
style.css,140,css,596fed6,Brian Jing,2025-11-07,11:08:35,-08:00,2025-11-07T11:08:35-08:00,1,15
style.css,141,css,596fed6,Brian Jing,2025-11-07,11:08:35,-08:00,2025-11-07T11:08:35-08:00,0,0
style.css,142,css,596fed6,Brian Jing,2025-11-07,11:08:35,-08:00,2025-11-07T11:08:35-08:00,0,0
style.css,143,css,596fed6,Brian Jing,2025-11-07,11:08:35,-08:00,2025-11-07T11:08:35-08:00,0,10
style.css,144,css,596fed6,Brian Jing,2025-11-07,11:08:35,-08:00,2025-11-07T11:08:35-08:00,1,12
style.css,145,css,596fed6,Brian Jing,2025-11-07,11:08:35,-08:00,2025-11-07T11:08:35-08:00,1,18
style.css,146,css,596fed6,Brian Jing,2025-11-07,11:08:35,-08:00,2025-11-07T11:08:35-08:00,1,22
style.css,147,css,596fed6,Brian Jing,2025-11-07,11:08:35,-08:00,2025-11-07T11:08:35-08:00,1,8
style.css,148,css,596fed6,Brian Jing,2025-11-07,11:08:35,-08:00,2025-11-07T11:08:35-08:00,1,12
style.css,149,css,596fed6,Brian Jing,2025-11-07,11:08:35,-08:00,2025-11-07T11:08:35-08:00,1,17
style.css,150,css,596fed6,Brian Jing,2025-11-07,11:08:35,-08:00,2025-11-07T11:08:35-08:00,1,10
style.css,151,css,596fed6,Brian Jing,2025-11-07,11:08:35,-08:00,2025-11-07T11:08:35-08:00,1,15
style.css,152,css,596fed6,Brian Jing,2025-11-07,11:08:35,-08:00,2025-11-07T11:08:35-08:00,1,13
style.css,153,css,596fed6,Brian Jing,2025-11-07,11:08:35,-08:00,2025-11-07T11:08:35-08:00,0,0
style.css,154,css,596fed6,Brian Jing,2025-11-07,11:08:35,-08:00,2025-11-07T11:08:35-08:00,0,0
style.css,155,css,596fed6,Brian Jing,2025-11-07,11:08:35,-08:00,2025-11-07T11:08:35-08:00,0,3
style.css,156,css,596fed6,Brian Jing,2025-11-07,11:08:35,-08:00,2025-11-07T11:08:35-08:00,1,4
style.css,157,css,596fed6,Brian Jing,2025-11-07,11:08:35,-08:00,2025-11-07T11:08:35-08:00,2,16
style.css,158,css,596fed6,Brian Jing,2025-11-07,11:08:35,-08:00,2025-11-07T11:08:35-08:00,2,14
style.css,159,css,596fed6,Brian Jing,2025-11-07,11:08:35,-08:00,2025-11-07T11:08:35-08:00,1,0
style.css,160,css,596fed6,Brian Jing,2025-11-07,11:08:35,-08:00,2025-11-07T11:08:35-08:00,0,0
style.css,161,css,596fed6,Brian Jing,2025-11-07,11:08:35,-08:00,2025-11-07T11:08:35-08:00,1,17
style.css,162,css,596fed6,Brian Jing,2025-11-07,11:08:35,-08:00,2025-11-07T11:08:35-08:00,2,16
style.css,163,css,596fed6,Brian Jing,2025-11-07,11:08:35,-08:00,2025-11-07T11:08:35-08:00,3,11
style.css,164,css,596fed6,Brian Jing,2025-11-07,11:08:35,-08:00,2025-11-07T11:08:35-08:00,2,0
style.css,165,css,596fed6,Brian Jing,2025-11-07,11:08:35,-08:00,2025-11-07T11:08:35-08:00,1,0
style.css,166,css,596fed6,Brian Jing,2025-11-07,11:08:35,-08:00,2025-11-07T11:08:35-08:00,0,0
style.css,167,css,596fed6,Brian Jing,2025-11-07,11:08:35,-08:00,2025-11-07T11:08:35-08:00,0,0
style.css,168,css,596fed6,Brian Jing,2025-11-07,11:08:35,-08:00,2025-11-07T11:08:35-08:00,0,9
style.css,169,css,596fed6,Brian Jing,2025-11-07,11:08:35,-08:00,2025-11-07T11:08:35-08:00,1,35
style.css,170,css,596fed6,Brian Jing,2025-11-07,11:08:35,-08:00,2025-11-07T11:08:35-08:00,0,0
style.css,171,css,596fed6,Brian Jing,2025-11-07,11:08:35,-08:00,2025-11-07T11:08:35-08:00,1,10
style.css,172,css,596fed6,Brian Jing,2025-11-07,11:08:35,-08:00,2025-11-07T11:08:35-08:00,2,17
style.css,173,css,596fed6,Brian Jing,2025-11-07,11:08:35,-08:00,2025-11-07T11:08:35-08:00,1,0
style.css,174,css,596fed6,Brian Jing,2025-11-07,11:08:35,-08:00,2025-11-07T11:08:35-08:00,0,0
style.css,175,css,596fed6,Brian Jing,2025-11-07,11:08:35,-08:00,2025-11-07T11:08:35-08:00,1,10
style.css,176,css,596fed6,Brian Jing,2025-11-07,11:08:35,-08:00,2025-11-07T11:08:35-08:00,2,17
style.css,177,css,596fed6,Brian Jing,2025-11-07,11:08:35,-08:00,2025-11-07T11:08:35-08:00,1,0
style.css,178,css,596fed6,Brian Jing,2025-11-07,11:08:35,-08:00,2025-11-07T11:08:35-08:00,0,0
style.css,179,css,596fed6,Brian Jing,2025-11-07,11:08:35,-08:00,2025-11-07T11:08:35-08:00,0,0
style.css,180,css,596fed6,Brian Jing,2025-11-07,11:08:35,-08:00,2025-11-07T11:08:35-08:00,0,17
style.css,181,css,596fed6,Brian Jing,2025-11-07,11:08:35,-08:00,2025-11-07T11:08:35-08:00,0,0
style.css,182,css,596fed6,Brian Jing,2025-11-07,11:08:35,-08:00,2025-11-07T11:08:35-08:00,0,13
style.css,183,css,596fed6,Brian Jing,2025-11-07,11:08:35,-08:00,2025-11-07T11:08:35-08:00,1,17
style.css,184,css,596fed6,Brian Jing,2025-11-07,11:08:35,-08:00,2025-11-07T11:08:35-08:00,1,8
style.css,185,css,596fed6,Brian Jing,2025-11-07,11:08:35,-08:00,2025-11-07T11:08:35-08:00,1,10
style.css,186,css,596fed6,Brian Jing,2025-11-07,11:08:35,-08:00,2025-11-07T11:08:35-08:00,1,16
style.css,187,css,596fed6,Brian Jing,2025-11-07,11:08:35,-08:00,2025-11-07T11:08:35-08:00,0,0
style.css,188,css,596fed6,Brian Jing,2025-11-07,11:08:35,-08:00,2025-11-07T11:08:35-08:00,0,20
style.css,189,css,596fed6,Brian Jing,2025-11-07,11:08:35,-08:00,2025-11-07T11:08:35-08:00,1,17
style.css,190,css,596fed6,Brian Jing,2025-11-07,11:08:35,-08:00,2025-11-07T11:08:35-08:00,1,19
style.css,191,css,596fed6,Brian Jing,2025-11-07,11:08:35,-08:00,2025-11-07T11:08:35-08:00,1,22
style.css,192,css,596fed6,Brian Jing,2025-11-07,11:08:35,-08:00,2025-11-07T11:08:35-08:00,1,13
style.css,193,css,596fed6,Brian Jing,2025-11-07,11:08:35,-08:00,2025-11-07T11:08:35-08:00,1,29
style.css,194,css,596fed6,Brian Jing,2025-11-07,11:08:35,-08:00,2025-11-07T11:08:35-08:00,0,0
style.css,195,css,596fed6,Brian Jing,2025-11-07,11:08:35,-08:00,2025-11-07T11:08:35-08:00,0,0
style.css,196,css,596fed6,Brian Jing,2025-11-07,11:08:35,-08:00,2025-11-07T11:08:35-08:00,0,0
style.css,197,css,596fed6,Brian Jing,2025-11-07,11:08:35,-08:00,2025-11-07T11:08:35-08:00,0,17
style.css,198,css,596fed6,Brian Jing,2025-11-07,11:08:35,-08:00,2025-11-07T11:08:35-08:00,0,14
style.css,199,css,596fed6,Brian Jing,2025-11-07,11:08:35,-08:00,2025-11-07T11:08:35-08:00,1,15
style.css,200,css,596fed6,Brian Jing,2025-11-07,11:08:35,-08:00,2025-11-07T11:08:35-08:00,1,17
style.css,201,css,596fed6,Brian Jing,2025-11-07,11:08:35,-08:00,2025-11-07T11:08:35-08:00,0,0
style.css,202,css,596fed6,Brian Jing,2025-11-07,11:08:35,-08:00,2025-11-07T11:08:35-08:00,0,0
style.css,203,css,596fed6,Brian Jing,2025-11-07,11:08:35,-08:00,2025-11-07T11:08:35-08:00,0,17
style.css,204,css,596fed6,Brian Jing,2025-11-07,11:08:35,-08:00,2025-11-07T11:08:35-08:00,1,12
style.css,205,css,596fed6,Brian Jing,2025-11-07,11:08:35,-08:00,2025-11-07T11:08:35-08:00,1,36
style.css,206,css,596fed6,Brian Jing,2025-11-07,11:08:35,-08:00,2025-11-07T11:08:35-08:00,1,10
style.css,207,css,596fed6,Brian Jing,2025-11-07,11:08:35,-08:00,2025-11-07T11:08:35-08:00,1,20
style.css,208,css,596fed6,Brian Jing,2025-11-07,11:08:35,-08:00,2025-11-07T11:08:35-08:00,1,15
style.css,209,css,596fed6,Brian Jing,2025-11-07,11:08:35,-08:00,2025-11-07T11:08:35-08:00,0,0
style.css,210,css,596fed6,Brian Jing,2025-11-07,11:08:35,-08:00,2025-11-07T11:08:35-08:00,0,0
style.css,211,css,596fed6,Brian Jing,2025-11-07,11:08:35,-08:00,2025-11-07T11:08:35-08:00,0,17
style.css,212,css,596fed6,Brian Jing,2025-11-07,11:08:35,-08:00,2025-11-07T11:08:35-08:00,1,10
style.css,213,css,596fed6,Brian Jing,2025-11-07,11:08:35,-08:00,2025-11-07T11:08:35-08:00,1,16
style.css,214,css,596fed6,Brian Jing,2025-11-07,11:08:35,-08:00,2025-11-07T11:08:35-08:00,0,0
style.css,215,css,596fed6,Brian Jing,2025-11-07,11:08:35,-08:00,2025-11-07T11:08:35-08:00,0,0
style.css,216,css,596fed6,Brian Jing,2025-11-07,11:08:35,-08:00,2025-11-07T11:08:35-08:00,0,17
style.css,217,css,596fed6,Brian Jing,2025-11-07,11:08:35,-08:00,2025-11-07T11:08:35-08:00,1,10
style.css,218,css,596fed6,Brian Jing,2025-11-07,11:08:35,-08:00,2025-11-07T11:08:35-08:00,1,8
style.css,219,css,596fed6,Brian Jing,2025-11-07,11:08:35,-08:00,2025-11-07T11:08:35-08:00,0,0
index.js,1,js,596fed6,Brian Jing,2025-11-07,11:08:35,-08:00,2025-11-07T11:08:35-08:00,0,71
index.js,2,js,596fed6,Brian Jing,2025-11-07,11:08:35,-08:00,2025-11-07T11:08:35-08:00,0,0
index.js,3,js,596fed6,Brian Jing,2025-11-07,11:08:35,-08:00,2025-11-07T11:08:35-08:00,0,34
index.js,4,js,596fed6,Brian Jing,2025-11-07,11:08:35,-08:00,2025-11-07T11:08:35-08:00,0,54
index.js,5,js,596fed6,Brian Jing,2025-11-07,11:08:35,-08:00,2025-11-07T11:08:35-08:00,0,42
index.js,6,js,596fed6,Brian Jing,2025-11-07,11:08:35,-08:00,2025-11-07T11:08:35-08:00,0,0
index.js,7,js,596fed6,Brian Jing,2025-11-07,11:08:35,-08:00,2025-11-07T11:08:35-08:00,0,60
index.js,8,js,596fed6,Brian Jing,2025-11-07,11:08:35,-08:00,2025-11-07T11:08:35-08:00,0,0
index.js,9,js,596fed6,Brian Jing,2025-11-07,11:08:35,-08:00,2025-11-07T11:08:35-08:00,0,54
index.js,10,js,596fed6,Brian Jing,2025-11-07,11:08:35,-08:00,2025-11-07T11:08:35-08:00,0,0
index.js,11,js,596fed6,Brian Jing,2025-11-07,11:08:35,-08:00,2025-11-07T11:08:35-08:00,0,53
index.js,12,js,596fed6,Brian Jing,2025-11-07,11:08:35,-08:00,2025-11-07T11:08:35-08:00,0,0
index.js,13,js,596fed6,Brian Jing,2025-11-07,11:08:35,-08:00,2025-11-07T11:08:35-08:00,0,60
index.js,14,js,596fed6,Brian Jing,2025-11-07,11:08:35,-08:00,2025-11-07T11:08:35-08:00,0,0
index.js,15,js,596fed6,Brian Jing,2025-11-07,11:08:35,-08:00,2025-11-07T11:08:35-08:00,0,17
index.js,16,js,596fed6,Brian Jing,2025-11-07,11:08:35,-08:00,2025-11-07T11:08:35-08:00,2,24
index.js,17,js,596fed6,Brian Jing,2025-11-07,11:08:35,-08:00,2025-11-07T11:08:35-08:00,4,2
index.js,18,js,596fed6,Brian Jing,2025-11-07,11:08:35,-08:00,2025-11-07T11:08:35-08:00,4,55
index.js,19,js,596fed6,Brian Jing,2025-11-07,11:08:35,-08:00,2025-11-07T11:08:35-08:00,4,55
index.js,20,js,596fed6,Brian Jing,2025-11-07,11:08:35,-08:00,2025-11-07T11:08:35-08:00,4,49
index.js,21,js,596fed6,Brian Jing,2025-11-07,11:08:35,-08:00,2025-11-07T11:08:35-08:00,4,49
index.js,22,js,596fed6,Brian Jing,2025-11-07,11:08:35,-08:00,2025-11-07T11:08:35-08:00,4,3
index.js,23,js,596fed6,Brian Jing,2025-11-07,11:08:35,-08:00,2025-11-07T11:08:35-08:00,2,0
index.js,24,js,596fed6,Brian Jing,2025-11-07,11:08:35,-08:00,2025-11-07T11:08:35-08:00,0,0
index.html,1,html,596fed6,Brian Jing,2025-11-07,11:08:35,-08:00,2025-11-07T11:08:35-08:00,0,13
index.html,2,html,596fed6,Brian Jing,2025-11-07,11:08:35,-08:00,2025-11-07T11:08:35-08:00,0,14
index.html,3,html,596fed6,Brian Jing,2025-11-07,11:08:35,-08:00,2025-11-07T11:08:35-08:00,0,4
index.html,4,html,596fed6,Brian Jing,2025-11-07,11:08:35,-08:00,2025-11-07T11:08:35-08:00,2,20
index.html,5,html,596fed6,Brian Jing,2025-11-07,11:08:35,-08:00,2025-11-07T11:08:35-08:00,2,68
index.html,6,html,596fed6,Brian Jing,2025-11-07,11:08:35,-08:00,2025-11-07T11:08:35-08:00,2,35
index.html,7,html,596fed6,Brian Jing,2025-11-07,11:08:35,-08:00,2025-11-07T11:08:35-08:00,2,38
index.html,8,html,596fed6,Brian Jing,2025-11-07,11:08:35,-08:00,2025-11-07T11:08:35-08:00,0,0
index.html,9,html,596fed6,Brian Jing,2025-11-07,11:08:35,-08:00,2025-11-07T11:08:35-08:00,2,5
index.html,10,html,596fed6,Brian Jing,2025-11-07,11:08:35,-08:00,2025-11-07T11:08:35-08:00,2,7
index.html,11,html,596fed6,Brian Jing,2025-11-07,11:08:35,-08:00,2025-11-07T11:08:35-08:00,4,10
index.html,12,html,596fed6,Brian Jing,2025-11-07,11:08:35,-08:00,2025-11-07T11:08:35-08:00,4,9
index.html,13,html,596fed6,Brian Jing,2025-11-07,11:08:35,-08:00,2025-11-07T11:08:35-08:00,2,0
index.html,14,html,596fed6,Brian Jing,2025-11-07,11:08:35,-08:00,2025-11-07T11:08:35-08:00,2,6
index.html,15,html,596fed6,Brian Jing,2025-11-07,11:08:35,-08:00,2025-11-07T11:08:35-08:00,0,5
index.html,16,html,596fed6,Brian Jing,2025-11-07,11:08:35,-08:00,2025-11-07T11:08:35-08:00,0,4
index.html,17,html,00000000,Not Committed Yet,2025-11-07,11:50:19,-08:00,2025-11-07T11:50:19-08:00,2,46
index.html,18,html,596fed6,Brian Jing,2025-11-07,11:08:35,-08:00,2025-11-07T11:08:35-08:00,2,509
index.html,19,html,596fed6,Brian Jing,2025-11-07,11:08:35,-08:00,2025-11-07T11:08:35-08:00,2,195
index.html,20,html,596fed6,Brian Jing,2025-11-07,11:08:35,-08:00,2025-11-07T11:08:35-08:00,2,23
index.html,21,html,596fed6,Brian Jing,2025-11-07,11:08:35,-08:00,2025-11-07T11:08:35-08:00,2,20
index.html,22,html,596fed6,Brian Jing,2025-11-07,11:08:35,-08:00,2025-11-07T11:08:35-08:00,2,4
index.html,23,html,596fed6,Brian Jing,2025-11-07,11:08:35,-08:00,2025-11-07T11:08:35-08:00,2,20
index.html,24,html,596fed6,Brian Jing,2025-11-07,11:08:35,-08:00,2025-11-07T11:08:35-08:00,2,22
index.html,25,html,596fed6,Brian Jing,2025-11-07,11:08:35,-08:00,2025-11-07T11:08:35-08:00,4,7
index.html,26,html,596fed6,Brian Jing,2025-11-07,11:08:35,-08:00,2025-11-07T11:08:35-08:00,2,4
index.html,27,html,596fed6,Brian Jing,2025-11-07,11:08:35,-08:00,2025-11-07T11:08:35-08:00,2,52
index.html,28,html,596fed6,Brian Jing,2025-11-07,11:08:35,-08:00,2025-11-07T11:08:35-08:00,0,100
index.html,29,html,596fed6,Brian Jing,2025-11-07,11:08:35,-08:00,2025-11-07T11:08:35-08:00,0,92
index.html,30,html,596fed6,Brian Jing,2025-11-07,11:08:35,-08:00,2025-11-07T11:08:35-08:00,0,5
index.html,31,html,596fed6,Brian Jing,2025-11-07,11:08:35,-08:00,2025-11-07T11:08:35-08:00,0,5
global.js,1,js,596fed6,Brian Jing,2025-11-07,11:08:35,-08:00,2025-11-07T11:08:35-08:00,0,25
global.js,2,js,596fed6,Brian Jing,2025-11-07,11:08:35,-08:00,2025-11-07T11:08:35-08:00,0,0
global.js,3,js,596fed6,Brian Jing,2025-11-07,11:08:35,-08:00,2025-11-07T11:08:35-08:00,0,41
global.js,4,js,596fed6,Brian Jing,2025-11-07,11:08:35,-08:00,2025-11-07T11:08:35-08:00,2,52
global.js,5,js,596fed6,Brian Jing,2025-11-07,11:08:35,-08:00,2025-11-07T11:08:35-08:00,0,0
global.js,6,js,596fed6,Brian Jing,2025-11-07,11:08:35,-08:00,2025-11-07T11:08:35-08:00,0,0
global.js,7,js,596fed6,Brian Jing,2025-11-07,11:08:35,-08:00,2025-11-07T11:08:35-08:00,0,11
global.js,8,js,596fed6,Brian Jing,2025-11-07,11:08:35,-08:00,2025-11-07T11:08:35-08:00,1,25
global.js,9,js,596fed6,Brian Jing,2025-11-07,11:08:35,-08:00,2025-11-07T11:08:35-08:00,1,38
global.js,10,js,596fed6,Brian Jing,2025-11-07,11:08:35,-08:00,2025-11-07T11:08:35-08:00,1,34
global.js,11,js,596fed6,Brian Jing,2025-11-07,11:08:35,-08:00,2025-11-07T11:08:35-08:00,1,35
global.js,12,js,596fed6,Brian Jing,2025-11-07,11:08:35,-08:00,2025-11-07T11:08:35-08:00,1,32
global.js,13,js,596fed6,Brian Jing,2025-11-07,11:08:35,-08:00,2025-11-07T11:08:35-08:00,0,0
global.js,14,js,596fed6,Brian Jing,2025-11-07,11:08:35,-08:00,2025-11-07T11:08:35-08:00,0,0
global.js,15,js,596fed6,Brian Jing,2025-11-07,11:08:35,-08:00,2025-11-07T11:08:35-08:00,0,26
global.js,16,js,596fed6,Brian Jing,2025-11-07,11:08:35,-08:00,2025-11-07T11:08:35-08:00,0,0
global.js,17,js,596fed6,Brian Jing,2025-11-07,11:08:35,-08:00,2025-11-07T11:08:35-08:00,0,73
global.js,18,js,596fed6,Brian Jing,2025-11-07,11:08:35,-08:00,2025-11-07T11:08:35-08:00,0,112
global.js,19,js,596fed6,Brian Jing,2025-11-07,11:08:35,-08:00,2025-11-07T11:08:35-08:00,0,30
global.js,20,js,596fed6,Brian Jing,2025-11-07,11:08:35,-08:00,2025-11-07T11:08:35-08:00,1,66
global.js,21,js,596fed6,Brian Jing,2025-11-07,11:08:35,-08:00,2025-11-07T11:08:35-08:00,0,0
global.js,22,js,596fed6,Brian Jing,2025-11-07,11:08:35,-08:00,2025-11-07T11:08:35-08:00,0,0
global.js,23,js,596fed6,Brian Jing,2025-11-07,11:08:35,-08:00,2025-11-07T11:08:35-08:00,0,16
global.js,24,js,596fed6,Brian Jing,2025-11-07,11:08:35,-08:00,2025-11-07T11:08:35-08:00,2,34
global.js,25,js,596fed6,Brian Jing,2025-11-07,11:08:35,-08:00,2025-11-07T11:08:35-08:00,2,87
global.js,26,js,596fed6,Brian Jing,2025-11-07,11:08:35,-08:00,2025-11-07T11:08:35-08:00,0,0
global.js,27,js,596fed6,Brian Jing,2025-11-07,11:08:35,-08:00,2025-11-07T11:08:35-08:00,0,0
global.js,28,js,596fed6,Brian Jing,2025-11-07,11:08:35,-08:00,2025-11-07T11:08:35-08:00,0,38
global.js,29,js,596fed6,Brian Jing,2025-11-07,11:08:35,-08:00,2025-11-07T11:08:35-08:00,0,75
global.js,30,js,596fed6,Brian Jing,2025-11-07,11:08:35,-08:00,2025-11-07T11:08:35-08:00,0,0
global.js,31,js,596fed6,Brian Jing,2025-11-07,11:08:35,-08:00,2025-11-07T11:08:35-08:00,0,65
global.js,32,js,596fed6,Brian Jing,2025-11-07,11:08:35,-08:00,2025-11-07T11:08:35-08:00,0,88
global.js,33,js,596fed6,Brian Jing,2025-11-07,11:08:35,-08:00,2025-11-07T11:08:35-08:00,2,36
global.js,34,js,596fed6,Brian Jing,2025-11-07,11:08:35,-08:00,2025-11-07T11:08:35-08:00,2,51
global.js,35,js,596fed6,Brian Jing,2025-11-07,11:08:35,-08:00,2025-11-07T11:08:35-08:00,0,0
global.js,36,js,596fed6,Brian Jing,2025-11-07,11:08:35,-08:00,2025-11-07T11:08:35-08:00,0,0
global.js,37,js,596fed6,Brian Jing,2025-11-07,11:08:35,-08:00,2025-11-07T11:08:35-08:00,0,65
global.js,38,js,596fed6,Brian Jing,2025-11-07,11:08:35,-08:00,2025-11-07T11:08:35-08:00,2,61
global.js,39,js,596fed6,Brian Jing,2025-11-07,11:08:35,-08:00,2025-11-07T11:08:35-08:00,2,18
global.js,40,js,596fed6,Brian Jing,2025-11-07,11:08:35,-08:00,2025-11-07T11:08:35-08:00,2,34
global.js,41,js,596fed6,Brian Jing,2025-11-07,11:08:35,-08:00,2025-11-07T11:08:35-08:00,2,11
global.js,42,js,596fed6,Brian Jing,2025-11-07,11:08:35,-08:00,2025-11-07T11:08:35-08:00,2,20
global.js,43,js,596fed6,Brian Jing,2025-11-07,11:08:35,-08:00,2025-11-07T11:08:35-08:00,0,0
global.js,44,js,596fed6,Brian Jing,2025-11-07,11:08:35,-08:00,2025-11-07T11:08:35-08:00,2,65
global.js,45,js,596fed6,Brian Jing,2025-11-07,11:08:35,-08:00,2025-11-07T11:08:35-08:00,4,25
global.js,46,js,596fed6,Brian Jing,2025-11-07,11:08:35,-08:00,2025-11-07T11:08:35-08:00,2,0
global.js,47,js,596fed6,Brian Jing,2025-11-07,11:08:35,-08:00,2025-11-07T11:08:35-08:00,0,0
global.js,48,js,596fed6,Brian Jing,2025-11-07,11:08:35,-08:00,2025-11-07T11:08:35-08:00,2,42
global.js,49,js,596fed6,Brian Jing,2025-11-07,11:08:35,-08:00,2025-11-07T11:08:35-08:00,2,29
global.js,50,js,596fed6,Brian Jing,2025-11-07,11:08:35,-08:00,2025-11-07T11:08:35-08:00,4,18
global.js,51,js,596fed6,Brian Jing,2025-11-07,11:08:35,-08:00,2025-11-07T11:08:35-08:00,2,0
global.js,52,js,596fed6,Brian Jing,2025-11-07,11:08:35,-08:00,2025-11-07T11:08:35-08:00,0,0
global.js,53,js,596fed6,Brian Jing,2025-11-07,11:08:35,-08:00,2025-11-07T11:08:35-08:00,2,12
global.js,54,js,596fed6,Brian Jing,2025-11-07,11:08:35,-08:00,2025-11-07T11:08:35-08:00,0,0
global.js,55,js,596fed6,Brian Jing,2025-11-07,11:08:35,-08:00,2025-11-07T11:08:35-08:00,0,0
global.js,56,js,596fed6,Brian Jing,2025-11-07,11:08:35,-08:00,2025-11-07T11:08:35-08:00,0,0
global.js,57,js,596fed6,Brian Jing,2025-11-07,11:08:35,-08:00,2025-11-07T11:08:35-08:00,0,51
global.js,58,js,596fed6,Brian Jing,2025-11-07,11:08:35,-08:00,2025-11-07T11:08:35-08:00,0,0
global.js,59,js,596fed6,Brian Jing,2025-11-07,11:08:35,-08:00,2025-11-07T11:08:35-08:00,0,31
global.js,60,js,596fed6,Brian Jing,2025-11-07,11:08:35,-08:00,2025-11-07T11:08:35-08:00,1,83
global.js,61,js,596fed6,Brian Jing,2025-11-07,11:08:35,-08:00,2025-11-07T11:08:35-08:00,1,0
global.js,62,js,596fed6,Brian Jing,2025-11-07,11:08:35,-08:00,2025-11-07T11:08:35-08:00,0,26
global.js,63,js,596fed6,Brian Jing,2025-11-07,11:08:35,-08:00,2025-11-07T11:08:35-08:00,0,4
global.js,64,js,596fed6,Brian Jing,2025-11-07,11:08:35,-08:00,2025-11-07T11:08:35-08:00,0,6
global.js,65,js,596fed6,Brian Jing,2025-11-07,11:08:35,-08:00,2025-11-07T11:08:35-08:00,0,32
global.js,66,js,596fed6,Brian Jing,2025-11-07,11:08:35,-08:00,2025-11-07T11:08:35-08:00,6,34
global.js,67,js,596fed6,Brian Jing,2025-11-07,11:08:35,-08:00,2025-11-07T11:08:35-08:00,6,32
global.js,68,js,596fed6,Brian Jing,2025-11-07,11:08:35,-08:00,2025-11-07T11:08:35-08:00,0,7
global.js,69,js,596fed6,Brian Jing,2025-11-07,11:08:35,-08:00,2025-11-07T11:08:35-08:00,0,8
global.js,70,js,596fed6,Brian Jing,2025-11-07,11:08:35,-08:00,2025-11-07T11:08:35-08:00,0,0
global.js,71,js,596fed6,Brian Jing,2025-11-07,11:08:35,-08:00,2025-11-07T11:08:35-08:00,0,0
global.js,72,js,596fed6,Brian Jing,2025-11-07,11:08:35,-08:00,2025-11-07T11:08:35-08:00,0,60
global.js,73,js,596fed6,Brian Jing,2025-11-07,11:08:35,-08:00,2025-11-07T11:08:35-08:00,0,0
global.js,74,js,596fed6,Brian Jing,2025-11-07,11:08:35,-08:00,2025-11-07T11:08:35-08:00,0,34
global.js,75,js,596fed6,Brian Jing,2025-11-07,11:08:35,-08:00,2025-11-07T11:08:35-08:00,2,50
global.js,76,js,596fed6,Brian Jing,2025-11-07,11:08:35,-08:00,2025-11-07T11:08:35-08:00,2,77
global.js,77,js,596fed6,Brian Jing,2025-11-07,11:08:35,-08:00,2025-11-07T11:08:35-08:00,2,31
global.js,78,js,596fed6,Brian Jing,2025-11-07,11:08:35,-08:00,2025-11-07T11:08:35-08:00,2,61
global.js,79,js,596fed6,Brian Jing,2025-11-07,11:08:35,-08:00,2025-11-07T11:08:35-08:00,0,0
global.js,80,js,596fed6,Brian Jing,2025-11-07,11:08:35,-08:00,2025-11-07T11:08:35-08:00,0,0
global.js,81,js,596fed6,Brian Jing,2025-11-07,11:08:35,-08:00,2025-11-07T11:08:35-08:00,0,49
global.js,82,js,596fed6,Brian Jing,2025-11-07,11:08:35,-08:00,2025-11-07T11:08:35-08:00,2,77
global.js,83,js,596fed6,Brian Jing,2025-11-07,11:08:35,-08:00,2025-11-07T11:08:35-08:00,2,43
global.js,84,js,596fed6,Brian Jing,2025-11-07,11:08:35,-08:00,2025-11-07T11:08:35-08:00,2,57
global.js,85,js,596fed6,Brian Jing,2025-11-07,11:08:35,-08:00,2025-11-07T11:08:35-08:00,0,1
global.js,86,js,596fed6,Brian Jing,2025-11-07,11:08:35,-08:00,2025-11-07T11:08:35-08:00,0,0
global.js,87,js,596fed6,Brian Jing,2025-11-07,11:08:35,-08:00,2025-11-07T11:08:35-08:00,0,0
global.js,88,js,596fed6,Brian Jing,2025-11-07,11:08:35,-08:00,2025-11-07T11:08:35-08:00,0,17
global.js,89,js,596fed6,Brian Jing,2025-11-07,11:08:35,-08:00,2025-11-07T11:08:35-08:00,0,36
global.js,90,js,596fed6,Brian Jing,2025-11-07,11:08:35,-08:00,2025-11-07T11:08:35-08:00,2,3
global.js,91,js,596fed6,Brian Jing,2025-11-07,11:08:35,-08:00,2025-11-07T11:08:35-08:00,3,39
global.js,92,js,596fed6,Brian Jing,2025-11-07,11:08:35,-08:00,2025-11-07T11:08:35-08:00,4,32
global.js,93,js,596fed6,Brian Jing,2025-11-07,11:08:35,-08:00,2025-11-07T11:08:35-08:00,4,17
global.js,94,js,596fed6,Brian Jing,2025-11-07,11:08:35,-08:00,2025-11-07T11:08:35-08:00,4,66
global.js,95,js,596fed6,Brian Jing,2025-11-07,11:08:35,-08:00,2025-11-07T11:08:35-08:00,4,0
global.js,96,js,596fed6,Brian Jing,2025-11-07,11:08:35,-08:00,2025-11-07T11:08:35-08:00,4,33
global.js,97,js,596fed6,Brian Jing,2025-11-07,11:08:35,-08:00,2025-11-07T11:08:35-08:00,4,10
global.js,98,js,596fed6,Brian Jing,2025-11-07,11:08:35,-08:00,2025-11-07T11:08:35-08:00,2,15
global.js,99,js,596fed6,Brian Jing,2025-11-07,11:08:35,-08:00,2025-11-07T11:08:35-08:00,4,59
global.js,100,js,596fed6,Brian Jing,2025-11-07,11:08:35,-08:00,2025-11-07T11:08:35-08:00,2,0
global.js,101,js,596fed6,Brian Jing,2025-11-07,11:08:35,-08:00,2025-11-07T11:08:35-08:00,1,0
global.js,102,js,596fed6,Brian Jing,2025-11-07,11:08:35,-08:00,2025-11-07T11:08:35-08:00,0,0
global.js,103,js,596fed6,Brian Jing,2025-11-07,11:08:35,-08:00,2025-11-07T11:08:35-08:00,0,79
global.js,104,js,596fed6,Brian Jing,2025-11-07,11:08:35,-08:00,2025-11-07T11:08:35-08:00,2,70
global.js,105,js,596fed6,Brian Jing,2025-11-07,11:08:35,-08:00,2025-11-07T11:08:35-08:00,0,0
global.js,106,js,596fed6,Brian Jing,2025-11-07,11:08:35,-08:00,2025-11-07T11:08:35-08:00,2,57
global.js,107,js,596fed6,Brian Jing,2025-11-07,11:08:35,-08:00,2025-11-07T11:08:35-08:00,2,104
global.js,108,js,596fed6,Brian Jing,2025-11-07,11:08:35,-08:00,2025-11-07T11:08:35-08:00,0,0
global.js,109,js,596fed6,Brian Jing,2025-11-07,11:08:35,-08:00,2025-11-07T11:08:35-08:00,2,68
global.js,110,js,596fed6,Brian Jing,2025-11-07,11:08:35,-08:00,2025-11-07T11:08:35-08:00,4,51
global.js,111,js,596fed6,Brian Jing,2025-11-07,11:08:35,-08:00,2025-11-07T11:08:35-08:00,4,5
global.js,112,js,596fed6,Brian Jing,2025-11-07,11:08:35,-08:00,2025-11-07T11:08:35-08:00,2,0
global.js,113,js,596fed6,Brian Jing,2025-11-07,11:08:35,-08:00,2025-11-07T11:08:35-08:00,0,0
global.js,114,js,596fed6,Brian Jing,2025-11-07,11:08:35,-08:00,2025-11-07T11:08:35-08:00,2,69
global.js,115,js,596fed6,Brian Jing,2025-11-07,11:08:35,-08:00,2025-11-07T11:08:35-08:00,2,27
global.js,116,js,596fed6,Brian Jing,2025-11-07,11:08:35,-08:00,2025-11-07T11:08:35-08:00,4,48
global.js,117,js,596fed6,Brian Jing,2025-11-07,11:08:35,-08:00,2025-11-07T11:08:35-08:00,0,0
global.js,118,js,596fed6,Brian Jing,2025-11-07,11:08:35,-08:00,2025-11-07T11:08:35-08:00,4,19
global.js,119,js,596fed6,Brian Jing,2025-11-07,11:08:35,-08:00,2025-11-07T11:08:35-08:00,6,45
global.js,120,js,596fed6,Brian Jing,2025-11-07,11:08:35,-08:00,2025-11-07T11:08:35-08:00,6,0
global.js,121,js,596fed6,Brian Jing,2025-11-07,11:08:35,-08:00,2025-11-07T11:08:35-08:00,8,11
global.js,122,js,596fed6,Brian Jing,2025-11-07,11:08:35,-08:00,2025-11-07T11:08:35-08:00,8,67
global.js,123,js,596fed6,Brian Jing,2025-11-07,11:08:35,-08:00,2025-11-07T11:08:35-08:00,8,51
global.js,124,js,596fed6,Brian Jing,2025-11-07,11:08:35,-08:00,2025-11-07T11:08:35-08:00,6,0
global.js,125,js,596fed6,Brian Jing,2025-11-07,11:08:35,-08:00,2025-11-07T11:08:35-08:00,6,57
global.js,126,js,596fed6,Brian Jing,2025-11-07,11:08:35,-08:00,2025-11-07T11:08:35-08:00,6,5
global.js,127,js,596fed6,Brian Jing,2025-11-07,11:08:35,-08:00,2025-11-07T11:08:35-08:00,6,90
global.js,128,js,596fed6,Brian Jing,2025-11-07,11:08:35,-08:00,2025-11-07T11:08:35-08:00,4,0
global.js,129,js,596fed6,Brian Jing,2025-11-07,11:08:35,-08:00,2025-11-07T11:08:35-08:00,0,0
global.js,130,js,596fed6,Brian Jing,2025-11-07,11:08:35,-08:00,2025-11-07T11:08:35-08:00,4,36
global.js,131,js,596fed6,Brian Jing,2025-11-07,11:08:35,-08:00,2025-11-07T11:08:35-08:00,2,1
global.js,132,js,596fed6,Brian Jing,2025-11-07,11:08:35,-08:00,2025-11-07T11:08:35-08:00,0,0
global.js,133,js,596fed6,Brian Jing,2025-11-07,11:08:35,-08:00,2025-11-07T11:08:35-08:00,0,0
global.js,134,js,596fed6,Brian Jing,2025-11-07,11:08:35,-08:00,2025-11-07T11:08:35-08:00,0,0
global.js,135,js,596fed6,Brian Jing,2025-11-07,11:08:35,-08:00,2025-11-07T11:08:35-08:00,0,17
global.js,136,js,596fed6,Brian Jing,2025-11-07,11:08:35,-08:00,2025-11-07T11:08:35-08:00,0,47
global.js,137,js,596fed6,Brian Jing,2025-11-07,11:08:35,-08:00,2025-11-07T11:08:35-08:00,2,59
global.js,138,js,596fed6,Brian Jing,2025-11-07,11:08:35,-08:00,2025-11-07T11:08:35-08:00,0,0
resume/index.html,1,html,596fed6,Brian Jing,2025-11-07,11:08:35,-08:00,2025-11-07T11:08:35-08:00,0,13
resume/index.html,2,html,596fed6,Brian Jing,2025-11-07,11:08:35,-08:00,2025-11-07T11:08:35-08:00,0,14
resume/index.html,3,html,596fed6,Brian Jing,2025-11-07,11:08:35,-08:00,2025-11-07T11:08:35-08:00,0,4
resume/index.html,4,html,596fed6,Brian Jing,2025-11-07,11:08:35,-08:00,2025-11-07T11:08:35-08:00,2,20
resume/index.html,5,html,596fed6,Brian Jing,2025-11-07,11:08:35,-08:00,2025-11-07T11:08:35-08:00,2,68
resume/index.html,6,html,596fed6,Brian Jing,2025-11-07,11:08:35,-08:00,2025-11-07T11:08:35-08:00,2,19
resume/index.html,7,html,596fed6,Brian Jing,2025-11-07,11:08:35,-08:00,2025-11-07T11:08:35-08:00,2,80
resume/index.html,8,html,596fed6,Brian Jing,2025-11-07,11:08:35,-08:00,2025-11-07T11:08:35-08:00,0,5
resume/index.html,9,html,596fed6,Brian Jing,2025-11-07,11:08:35,-08:00,2025-11-07T11:08:35-08:00,0,4
resume/index.html,10,html,596fed6,Brian Jing,2025-11-07,11:08:35,-08:00,2025-11-07T11:08:35-08:00,2,6
resume/index.html,11,html,596fed6,Brian Jing,2025-11-07,11:08:35,-08:00,2025-11-07T11:08:35-08:00,4,17
resume/index.html,12,html,596fed6,Brian Jing,2025-11-07,11:08:35,-08:00,2025-11-07T11:08:35-08:00,4,138
resume/index.html,13,html,596fed6,Brian Jing,2025-11-07,11:08:35,-08:00,2025-11-07T11:08:35-08:00,4,79
resume/index.html,14,html,596fed6,Brian Jing,2025-11-07,11:08:35,-08:00,2025-11-07T11:08:35-08:00,4,111
resume/index.html,15,html,596fed6,Brian Jing,2025-11-07,11:08:35,-08:00,2025-11-07T11:08:35-08:00,4,162
resume/index.html,16,html,596fed6,Brian Jing,2025-11-07,11:08:35,-08:00,2025-11-07T11:08:35-08:00,2,7
resume/index.html,17,html,596fed6,Brian Jing,2025-11-07,11:08:35,-08:00,2025-11-07T11:08:35-08:00,0,0
resume/index.html,18,html,596fed6,Brian Jing,2025-11-07,11:08:35,-08:00,2025-11-07T11:08:35-08:00,1,7
resume/index.html,19,html,596fed6,Brian Jing,2025-11-07,11:08:35,-08:00,2025-11-07T11:08:35-08:00,2,15
resume/index.html,20,html,596fed6,Brian Jing,2025-11-07,11:08:35,-08:00,2025-11-07T11:08:35-08:00,0,0
resume/index.html,21,html,596fed6,Brian Jing,2025-11-07,11:08:35,-08:00,2025-11-07T11:08:35-08:00,2,7
resume/index.html,22,html,596fed6,Brian Jing,2025-11-07,11:08:35,-08:00,2025-11-07T11:08:35-08:00,3,52
resume/index.html,23,html,596fed6,Brian Jing,2025-11-07,11:08:35,-08:00,2025-11-07T11:08:35-08:00,3,58
resume/index.html,24,html,596fed6,Brian Jing,2025-11-07,11:08:35,-08:00,2025-11-07T11:08:35-08:00,3,2
resume/index.html,25,html,596fed6,Brian Jing,2025-11-07,11:08:35,-08:00,2025-11-07T11:08:35-08:00,4,194
resume/index.html,26,html,596fed6,Brian Jing,2025-11-07,11:08:35,-08:00,2025-11-07T11:08:35-08:00,4,184
resume/index.html,27,html,596fed6,Brian Jing,2025-11-07,11:08:35,-08:00,2025-11-07T11:08:35-08:00,4,200
resume/index.html,28,html,596fed6,Brian Jing,2025-11-07,11:08:35,-08:00,2025-11-07T11:08:35-08:00,3,3
resume/index.html,29,html,596fed6,Brian Jing,2025-11-07,11:08:35,-08:00,2025-11-07T11:08:35-08:00,2,8
resume/index.html,30,html,596fed6,Brian Jing,2025-11-07,11:08:35,-08:00,2025-11-07T11:08:35-08:00,0,0
resume/index.html,31,html,596fed6,Brian Jing,2025-11-07,11:08:35,-08:00,2025-11-07T11:08:35-08:00,2,7
resume/index.html,32,html,596fed6,Brian Jing,2025-11-07,11:08:35,-08:00,2025-11-07T11:08:35-08:00,3,30
resume/index.html,33,html,596fed6,Brian Jing,2025-11-07,11:08:35,-08:00,2025-11-07T11:08:35-08:00,3,90
resume/index.html,34,html,596fed6,Brian Jing,2025-11-07,11:08:35,-08:00,2025-11-07T11:08:35-08:00,3,2
resume/index.html,35,html,596fed6,Brian Jing,2025-11-07,11:08:35,-08:00,2025-11-07T11:08:35-08:00,4,214
resume/index.html,36,html,596fed6,Brian Jing,2025-11-07,11:08:35,-08:00,2025-11-07T11:08:35-08:00,4,193
resume/index.html,37,html,596fed6,Brian Jing,2025-11-07,11:08:35,-08:00,2025-11-07T11:08:35-08:00,4,184
resume/index.html,38,html,596fed6,Brian Jing,2025-11-07,11:08:35,-08:00,2025-11-07T11:08:35-08:00,3,3
resume/index.html,39,html,596fed6,Brian Jing,2025-11-07,11:08:35,-08:00,2025-11-07T11:08:35-08:00,2,8
resume/index.html,40,html,596fed6,Brian Jing,2025-11-07,11:08:35,-08:00,2025-11-07T11:08:35-08:00,0,0
resume/index.html,41,html,596fed6,Brian Jing,2025-11-07,11:08:35,-08:00,2025-11-07T11:08:35-08:00,2,7
resume/index.html,42,html,596fed6,Brian Jing,2025-11-07,11:08:35,-08:00,2025-11-07T11:08:35-08:00,3,34
resume/index.html,43,html,596fed6,Brian Jing,2025-11-07,11:08:35,-08:00,2025-11-07T11:08:35-08:00,3,95
resume/index.html,44,html,596fed6,Brian Jing,2025-11-07,11:08:35,-08:00,2025-11-07T11:08:35-08:00,3,2
resume/index.html,45,html,596fed6,Brian Jing,2025-11-07,11:08:35,-08:00,2025-11-07T11:08:35-08:00,4,183
resume/index.html,46,html,596fed6,Brian Jing,2025-11-07,11:08:35,-08:00,2025-11-07T11:08:35-08:00,4,148
resume/index.html,47,html,596fed6,Brian Jing,2025-11-07,11:08:35,-08:00,2025-11-07T11:08:35-08:00,3,3
resume/index.html,48,html,596fed6,Brian Jing,2025-11-07,11:08:35,-08:00,2025-11-07T11:08:35-08:00,2,8
resume/index.html,49,html,596fed6,Brian Jing,2025-11-07,11:08:35,-08:00,2025-11-07T11:08:35-08:00,1,8
resume/index.html,50,html,596fed6,Brian Jing,2025-11-07,11:08:35,-08:00,2025-11-07T11:08:35-08:00,0,0
resume/index.html,51,html,596fed6,Brian Jing,2025-11-07,11:08:35,-08:00,2025-11-07T11:08:35-08:00,1,7
resume/index.html,52,html,596fed6,Brian Jing,2025-11-07,11:08:35,-08:00,2025-11-07T11:08:35-08:00,2,17
resume/index.html,53,html,596fed6,Brian Jing,2025-11-07,11:08:35,-08:00,2025-11-07T11:08:35-08:00,2,7
resume/index.html,54,html,596fed6,Brian Jing,2025-11-07,11:08:35,-08:00,2025-11-07T11:08:35-08:00,3,29
resume/index.html,55,html,596fed6,Brian Jing,2025-11-07,11:08:35,-08:00,2025-11-07T11:08:35-08:00,3,43
resume/index.html,56,html,596fed6,Brian Jing,2025-11-07,11:08:35,-08:00,2025-11-07T11:08:35-08:00,3,60
resume/index.html,57,html,596fed6,Brian Jing,2025-11-07,11:08:35,-08:00,2025-11-07T11:08:35-08:00,3,2
resume/index.html,58,html,596fed6,Brian Jing,2025-11-07,11:08:35,-08:00,2025-11-07T11:08:35-08:00,4,198
resume/index.html,59,html,596fed6,Brian Jing,2025-11-07,11:08:35,-08:00,2025-11-07T11:08:35-08:00,4,176
resume/index.html,60,html,596fed6,Brian Jing,2025-11-07,11:08:35,-08:00,2025-11-07T11:08:35-08:00,4,110
resume/index.html,61,html,596fed6,Brian Jing,2025-11-07,11:08:35,-08:00,2025-11-07T11:08:35-08:00,3,3
resume/index.html,62,html,596fed6,Brian Jing,2025-11-07,11:08:35,-08:00,2025-11-07T11:08:35-08:00,2,8
resume/index.html,63,html,596fed6,Brian Jing,2025-11-07,11:08:35,-08:00,2025-11-07T11:08:35-08:00,0,0
resume/index.html,64,html,596fed6,Brian Jing,2025-11-07,11:08:35,-08:00,2025-11-07T11:08:35-08:00,2,7
resume/index.html,65,html,596fed6,Brian Jing,2025-11-07,11:08:35,-08:00,2025-11-07T11:08:35-08:00,3,24
resume/index.html,66,html,596fed6,Brian Jing,2025-11-07,11:08:35,-08:00,2025-11-07T11:08:35-08:00,3,40
resume/index.html,67,html,596fed6,Brian Jing,2025-11-07,11:08:35,-08:00,2025-11-07T11:08:35-08:00,3,91
resume/index.html,68,html,596fed6,Brian Jing,2025-11-07,11:08:35,-08:00,2025-11-07T11:08:35-08:00,3,2
resume/index.html,69,html,596fed6,Brian Jing,2025-11-07,11:08:35,-08:00,2025-11-07T11:08:35-08:00,4,97
resume/index.html,70,html,596fed6,Brian Jing,2025-11-07,11:08:35,-08:00,2025-11-07T11:08:35-08:00,4,175
resume/index.html,71,html,596fed6,Brian Jing,2025-11-07,11:08:35,-08:00,2025-11-07T11:08:35-08:00,4,101
resume/index.html,72,html,596fed6,Brian Jing,2025-11-07,11:08:35,-08:00,2025-11-07T11:08:35-08:00,3,3
resume/index.html,73,html,596fed6,Brian Jing,2025-11-07,11:08:35,-08:00,2025-11-07T11:08:35-08:00,2,8
resume/index.html,74,html,596fed6,Brian Jing,2025-11-07,11:08:35,-08:00,2025-11-07T11:08:35-08:00,1,8
resume/index.html,75,html,596fed6,Brian Jing,2025-11-07,11:08:35,-08:00,2025-11-07T11:08:35-08:00,0,0
resume/index.html,76,html,596fed6,Brian Jing,2025-11-07,11:08:35,-08:00,2025-11-07T11:08:35-08:00,1,7
resume/index.html,77,html,596fed6,Brian Jing,2025-11-07,11:08:35,-08:00,2025-11-07T11:08:35-08:00,2,13
resume/index.html,78,html,596fed6,Brian Jing,2025-11-07,11:08:35,-08:00,2025-11-07T11:08:35-08:00,2,1
resume/index.html,79,html,596fed6,Brian Jing,2025-11-07,11:08:35,-08:00,2025-11-07T11:08:35-08:00,4,66
resume/index.html,80,html,596fed6,Brian Jing,2025-11-07,11:08:35,-08:00,2025-11-07T11:08:35-08:00,4,66
resume/index.html,81,html,596fed6,Brian Jing,2025-11-07,11:08:35,-08:00,2025-11-07T11:08:35-08:00,4,50
resume/index.html,82,html,596fed6,Brian Jing,2025-11-07,11:08:35,-08:00,2025-11-07T11:08:35-08:00,4,77
resume/index.html,83,html,596fed6,Brian Jing,2025-11-07,11:08:35,-08:00,2025-11-07T11:08:35-08:00,2,2
resume/index.html,84,html,596fed6,Brian Jing,2025-11-07,11:08:35,-08:00,2025-11-07T11:08:35-08:00,1,8
resume/index.html,85,html,596fed6,Brian Jing,2025-11-07,11:08:35,-08:00,2025-11-07T11:08:35-08:00,0,91
resume/index.html,86,html,596fed6,Brian Jing,2025-11-07,11:08:35,-08:00,2025-11-07T11:08:35-08:00,0,5
resume/index.html,87,html,596fed6,Brian Jing,2025-11-07,11:08:35,-08:00,2025-11-07T11:08:35-08:00,0,5
projects/projects.js,1,js,596fed6,Brian Jing,2025-11-07,11:08:35,-08:00,2025-11-07T11:08:35-08:00,0,55
projects/projects.js,2,js,596fed6,Brian Jing,2025-11-07,11:08:35,-08:00,2025-11-07T11:08:35-08:00,0,63
projects/projects.js,3,js,596fed6,Brian Jing,2025-11-07,11:08:35,-08:00,2025-11-07T11:08:35-08:00,0,0
projects/projects.js,4,js,596fed6,Brian Jing,2025-11-07,11:08:35,-08:00,2025-11-07T11:08:35-08:00,0,55
projects/projects.js,5,js,596fed6,Brian Jing,2025-11-07,11:08:35,-08:00,2025-11-07T11:08:35-08:00,0,60
projects/projects.js,6,js,596fed6,Brian Jing,2025-11-07,11:08:35,-08:00,2025-11-07T11:08:35-08:00,0,0
projects/projects.js,7,js,596fed6,Brian Jing,2025-11-07,11:08:35,-08:00,2025-11-07T11:08:35-08:00,0,21
projects/projects.js,8,js,596fed6,Brian Jing,2025-11-07,11:08:35,-08:00,2025-11-07T11:08:35-08:00,0,19
projects/projects.js,9,js,596fed6,Brian Jing,2025-11-07,11:08:35,-08:00,2025-11-07T11:08:35-08:00,0,22
projects/projects.js,10,js,596fed6,Brian Jing,2025-11-07,11:08:35,-08:00,2025-11-07T11:08:35-08:00,0,0
projects/projects.js,11,js,596fed6,Brian Jing,2025-11-07,11:08:35,-08:00,2025-11-07T11:08:35-08:00,0,26
projects/projects.js,12,js,596fed6,Brian Jing,2025-11-07,11:08:35,-08:00,2025-11-07T11:08:35-08:00,2,30
projects/projects.js,13,js,596fed6,Brian Jing,2025-11-07,11:08:35,-08:00,2025-11-07T11:08:35-08:00,2,16
projects/projects.js,14,js,596fed6,Brian Jing,2025-11-07,11:08:35,-08:00,2025-11-07T11:08:35-08:00,4,55
projects/projects.js,15,js,596fed6,Brian Jing,2025-11-07,11:08:35,-08:00,2025-11-07T11:08:35-08:00,6,59
projects/projects.js,16,js,596fed6,Brian Jing,2025-11-07,11:08:35,-08:00,2025-11-07T11:08:35-08:00,6,48
projects/projects.js,17,js,596fed6,Brian Jing,2025-11-07,11:08:35,-08:00,2025-11-07T11:08:35-08:00,4,1
projects/projects.js,18,js,596fed6,Brian Jing,2025-11-07,11:08:35,-08:00,2025-11-07T11:08:35-08:00,2,0
projects/projects.js,19,js,596fed6,Brian Jing,2025-11-07,11:08:35,-08:00,2025-11-07T11:08:35-08:00,0,0
projects/projects.js,20,js,596fed6,Brian Jing,2025-11-07,11:08:35,-08:00,2025-11-07T11:08:35-08:00,2,25
projects/projects.js,21,js,596fed6,Brian Jing,2025-11-07,11:08:35,-08:00,2025-11-07T11:08:35-08:00,4,55
projects/projects.js,22,js,596fed6,Brian Jing,2025-11-07,11:08:35,-08:00,2025-11-07T11:08:35-08:00,4,41
projects/projects.js,23,js,596fed6,Brian Jing,2025-11-07,11:08:35,-08:00,2025-11-07T11:08:35-08:00,6,40
projects/projects.js,24,js,596fed6,Brian Jing,2025-11-07,11:08:35,-08:00,2025-11-07T11:08:35-08:00,4,0
projects/projects.js,25,js,596fed6,Brian Jing,2025-11-07,11:08:35,-08:00,2025-11-07T11:08:35-08:00,2,0
projects/projects.js,26,js,596fed6,Brian Jing,2025-11-07,11:08:35,-08:00,2025-11-07T11:08:35-08:00,2,0
projects/projects.js,27,js,596fed6,Brian Jing,2025-11-07,11:08:35,-08:00,2025-11-07T11:08:35-08:00,2,56
projects/projects.js,28,js,596fed6,Brian Jing,2025-11-07,11:08:35,-08:00,2025-11-07T11:08:35-08:00,2,61
projects/projects.js,29,js,596fed6,Brian Jing,2025-11-07,11:08:35,-08:00,2025-11-07T11:08:35-08:00,2,17
projects/projects.js,30,js,596fed6,Brian Jing,2025-11-07,11:08:35,-08:00,2025-11-07T11:08:35-08:00,4,64
projects/projects.js,31,js,596fed6,Brian Jing,2025-11-07,11:08:35,-08:00,2025-11-07T11:08:35-08:00,2,0
projects/projects.js,32,js,596fed6,Brian Jing,2025-11-07,11:08:35,-08:00,2025-11-07T11:08:35-08:00,2,31
projects/projects.js,33,js,596fed6,Brian Jing,2025-11-07,11:08:35,-08:00,2025-11-07T11:08:35-08:00,0,0
projects/projects.js,34,js,596fed6,Brian Jing,2025-11-07,11:08:35,-08:00,2025-11-07T11:08:35-08:00,0,0
projects/projects.js,35,js,596fed6,Brian Jing,2025-11-07,11:08:35,-08:00,2025-11-07T11:08:35-08:00,0,0
projects/projects.js,36,js,596fed6,Brian Jing,2025-11-07,11:08:35,-08:00,2025-11-07T11:08:35-08:00,0,38
projects/projects.js,37,js,596fed6,Brian Jing,2025-11-07,11:08:35,-08:00,2025-11-07T11:08:35-08:00,2,29
projects/projects.js,38,js,596fed6,Brian Jing,2025-11-07,11:08:35,-08:00,2025-11-07T11:08:35-08:00,3,12
projects/projects.js,39,js,596fed6,Brian Jing,2025-11-07,11:08:35,-08:00,2025-11-07T11:08:35-08:00,3,14
projects/projects.js,40,js,596fed6,Brian Jing,2025-11-07,11:08:35,-08:00,2025-11-07T11:08:35-08:00,3,12
projects/projects.js,41,js,596fed6,Brian Jing,2025-11-07,11:08:35,-08:00,2025-11-07T11:08:35-08:00,2,0
projects/projects.js,42,js,596fed6,Brian Jing,2025-11-07,11:08:35,-08:00,2025-11-07T11:08:35-08:00,2,50
projects/projects.js,43,js,596fed6,Brian Jing,2025-11-07,11:08:35,-08:00,2025-11-07T11:08:35-08:00,4,35
projects/projects.js,44,js,596fed6,Brian Jing,2025-11-07,11:08:35,-08:00,2025-11-07T11:08:35-08:00,2,1
projects/projects.js,45,js,596fed6,Brian Jing,2025-11-07,11:08:35,-08:00,2025-11-07T11:08:35-08:00,2,0
projects/projects.js,46,js,596fed6,Brian Jing,2025-11-07,11:08:35,-08:00,2025-11-07T11:08:35-08:00,2,23
projects/projects.js,47,js,596fed6,Brian Jing,2025-11-07,11:08:35,-08:00,2025-11-07T11:08:35-08:00,0,0
projects/projects.js,48,js,596fed6,Brian Jing,2025-11-07,11:08:35,-08:00,2025-11-07T11:08:35-08:00,2,53
projects/projects.js,49,js,596fed6,Brian Jing,2025-11-07,11:08:35,-08:00,2025-11-07T11:08:35-08:00,2,42
projects/projects.js,50,js,596fed6,Brian Jing,2025-11-07,11:08:35,-08:00,2025-11-07T11:08:35-08:00,2,60
projects/projects.js,51,js,596fed6,Brian Jing,2025-11-07,11:08:35,-08:00,2025-11-07T11:08:35-08:00,2,54
projects/projects.js,52,js,596fed6,Brian Jing,2025-11-07,11:08:35,-08:00,2025-11-07T11:08:35-08:00,2,47
projects/projects.js,53,js,596fed6,Brian Jing,2025-11-07,11:08:35,-08:00,2025-11-07T11:08:35-08:00,0,0
projects/projects.js,54,js,596fed6,Brian Jing,2025-11-07,11:08:35,-08:00,2025-11-07T11:08:35-08:00,2,28
projects/projects.js,55,js,596fed6,Brian Jing,2025-11-07,11:08:35,-08:00,2025-11-07T11:08:35-08:00,2,32
projects/projects.js,56,js,596fed6,Brian Jing,2025-11-07,11:08:35,-08:00,2025-11-07T11:08:35-08:00,2,35
projects/projects.js,57,js,596fed6,Brian Jing,2025-11-07,11:08:35,-08:00,2025-11-07T11:08:35-08:00,2,32
projects/projects.js,58,js,596fed6,Brian Jing,2025-11-07,11:08:35,-08:00,2025-11-07T11:08:35-08:00,0,0
projects/projects.js,59,js,596fed6,Brian Jing,2025-11-07,11:08:35,-08:00,2025-11-07T11:08:35-08:00,2,29
projects/projects.js,60,js,596fed6,Brian Jing,2025-11-07,11:08:35,-08:00,2025-11-07T11:08:35-08:00,4,19
projects/projects.js,61,js,596fed6,Brian Jing,2025-11-07,11:08:35,-08:00,2025-11-07T11:08:35-08:00,4,13
projects/projects.js,62,js,596fed6,Brian Jing,2025-11-07,11:08:35,-08:00,2025-11-07T11:08:35-08:00,4,24
projects/projects.js,63,js,596fed6,Brian Jing,2025-11-07,11:08:35,-08:00,2025-11-07T11:08:35-08:00,4,55
projects/projects.js,64,js,596fed6,Brian Jing,2025-11-07,11:08:35,-08:00,2025-11-07T11:08:35-08:00,4,18
projects/projects.js,65,js,596fed6,Brian Jing,2025-11-07,11:08:35,-08:00,2025-11-07T11:08:35-08:00,6,47
projects/projects.js,66,js,596fed6,Brian Jing,2025-11-07,11:08:35,-08:00,2025-11-07T11:08:35-08:00,0,0
projects/projects.js,67,js,596fed6,Brian Jing,2025-11-07,11:08:35,-08:00,2025-11-07T11:08:35-08:00,6,22
projects/projects.js,68,js,596fed6,Brian Jing,2025-11-07,11:08:35,-08:00,2025-11-07T11:08:35-08:00,8,22
projects/projects.js,69,js,596fed6,Brian Jing,2025-11-07,11:08:35,-08:00,2025-11-07T11:08:35-08:00,10,37
projects/projects.js,70,js,596fed6,Brian Jing,2025-11-07,11:08:35,-08:00,2025-11-07T11:08:35-08:00,8,0
projects/projects.js,71,js,596fed6,Brian Jing,2025-11-07,11:08:35,-08:00,2025-11-07T11:08:35-08:00,6,0
projects/projects.js,72,js,596fed6,Brian Jing,2025-11-07,11:08:35,-08:00,2025-11-07T11:08:35-08:00,6,23
projects/projects.js,73,js,596fed6,Brian Jing,2025-11-07,11:08:35,-08:00,2025-11-07T11:08:35-08:00,8,22
projects/projects.js,74,js,596fed6,Brian Jing,2025-11-07,11:08:35,-08:00,2025-11-07T11:08:35-08:00,10,37
projects/projects.js,75,js,596fed6,Brian Jing,2025-11-07,11:08:35,-08:00,2025-11-07T11:08:35-08:00,8,0
projects/projects.js,76,js,596fed6,Brian Jing,2025-11-07,11:08:35,-08:00,2025-11-07T11:08:35-08:00,6,0
projects/projects.js,77,js,596fed6,Brian Jing,2025-11-07,11:08:35,-08:00,2025-11-07T11:08:35-08:00,6,16
projects/projects.js,78,js,596fed6,Brian Jing,2025-11-07,11:08:35,-08:00,2025-11-07T11:08:35-08:00,4,1
projects/projects.js,79,js,596fed6,Brian Jing,2025-11-07,11:08:35,-08:00,2025-11-07T11:08:35-08:00,2,0
projects/projects.js,80,js,596fed6,Brian Jing,2025-11-07,11:08:35,-08:00,2025-11-07T11:08:35-08:00,0,0
projects/projects.js,81,js,596fed6,Brian Jing,2025-11-07,11:08:35,-08:00,2025-11-07T11:08:35-08:00,2,27
projects/projects.js,82,js,596fed6,Brian Jing,2025-11-07,11:08:35,-08:00,2025-11-07T11:08:35-08:00,4,20
projects/projects.js,83,js,596fed6,Brian Jing,2025-11-07,11:08:35,-08:00,2025-11-07T11:08:35-08:00,4,38
projects/projects.js,84,js,596fed6,Brian Jing,2025-11-07,11:08:35,-08:00,2025-11-07T11:08:35-08:00,4,55
projects/projects.js,85,js,596fed6,Brian Jing,2025-11-07,11:08:35,-08:00,2025-11-07T11:08:35-08:00,4,69
projects/projects.js,86,js,596fed6,Brian Jing,2025-11-07,11:08:35,-08:00,2025-11-07T11:08:35-08:00,2,1
projects/projects.js,87,js,596fed6,Brian Jing,2025-11-07,11:08:35,-08:00,2025-11-07T11:08:35-08:00,0,0
projects/projects.js,88,js,596fed6,Brian Jing,2025-11-07,11:08:35,-08:00,2025-11-07T11:08:35-08:00,0,0
projects/projects.js,89,js,596fed6,Brian Jing,2025-11-07,11:08:35,-08:00,2025-11-07T11:08:35-08:00,0,0
projects/projects.js,90,js,596fed6,Brian Jing,2025-11-07,11:08:35,-08:00,2025-11-07T11:08:35-08:00,0,16
projects/projects.js,91,js,596fed6,Brian Jing,2025-11-07,11:08:35,-08:00,2025-11-07T11:08:35-08:00,0,0
projects/projects.js,92,js,596fed6,Brian Jing,2025-11-07,11:08:35,-08:00,2025-11-07T11:08:35-08:00,0,53
projects/projects.js,93,js,596fed6,Brian Jing,2025-11-07,11:08:35,-08:00,2025-11-07T11:08:35-08:00,0,48
projects/projects.js,94,js,596fed6,Brian Jing,2025-11-07,11:08:35,-08:00,2025-11-07T11:08:35-08:00,2,31
projects/projects.js,95,js,596fed6,Brian Jing,2025-11-07,11:08:35,-08:00,2025-11-07T11:08:35-08:00,2,0
projects/projects.js,96,js,596fed6,Brian Jing,2025-11-07,11:08:35,-08:00,2025-11-07T11:08:35-08:00,2,53
projects/projects.js,97,js,596fed6,Brian Jing,2025-11-07,11:08:35,-08:00,2025-11-07T11:08:35-08:00,2,55
projects/projects.js,98,js,596fed6,Brian Jing,2025-11-07,11:08:35,-08:00,2025-11-07T11:08:35-08:00,2,17
projects/projects.js,99,js,596fed6,Brian Jing,2025-11-07,11:08:35,-08:00,2025-11-07T11:08:35-08:00,2,0
projects/projects.js,100,js,596fed6,Brian Jing,2025-11-07,11:08:35,-08:00,2025-11-07T11:08:35-08:00,2,16
projects/projects.js,101,js,596fed6,Brian Jing,2025-11-07,11:08:35,-08:00,2025-11-07T11:08:35-08:00,0,1
projects/projects.js,102,js,596fed6,Brian Jing,2025-11-07,11:08:35,-08:00,2025-11-07T11:08:35-08:00,0,0
projects/projects.js,103,js,596fed6,Brian Jing,2025-11-07,11:08:35,-08:00,2025-11-07T11:08:35-08:00,0,0
projects/projects.js,104,js,596fed6,Brian Jing,2025-11-07,11:08:35,-08:00,2025-11-07T11:08:35-08:00,0,28
projects/projects.js,105,js,596fed6,Brian Jing,2025-11-07,11:08:35,-08:00,2025-11-07T11:08:35-08:00,0,0
projects/projects.js,106,js,596fed6,Brian Jing,2025-11-07,11:08:35,-08:00,2025-11-07T11:08:35-08:00,0,58
projects/projects.js,107,js,596fed6,Brian Jing,2025-11-07,11:08:35,-08:00,2025-11-07T11:08:35-08:00,0,66
projects/projects.js,108,js,596fed6,Brian Jing,2025-11-07,11:08:35,-08:00,2025-11-07T11:08:35-08:00,0,0
projects/projects.js,109,js,596fed6,Brian Jing,2025-11-07,11:08:35,-08:00,2025-11-07T11:08:35-08:00,0,32
projects/projects.js,110,js,596fed6,Brian Jing,2025-11-07,11:08:35,-08:00,2025-11-07T11:08:35-08:00,0,58
projects/projects.js,111,js,596fed6,Brian Jing,2025-11-07,11:08:35,-08:00,2025-11-07T11:08:35-08:00,0,0
projects/projects.js,112,js,596fed6,Brian Jing,2025-11-07,11:08:35,-08:00,2025-11-07T11:08:35-08:00,0,62
projects/projects.js,113,js,596fed6,Brian Jing,2025-11-07,11:08:35,-08:00,2025-11-07T11:08:35-08:00,0,63
projects/projects.js,114,js,596fed6,Brian Jing,2025-11-07,11:08:35,-08:00,2025-11-07T11:08:35-08:00,0,0
projects/projects.js,115,js,596fed6,Brian Jing,2025-11-07,11:08:35,-08:00,2025-11-07T11:08:35-08:00,0,41
projects/projects.js,116,js,596fed6,Brian Jing,2025-11-07,11:08:35,-08:00,2025-11-07T11:08:35-08:00,0,32
projects/projects.js,117,js,596fed6,Brian Jing,2025-11-07,11:08:35,-08:00,2025-11-07T11:08:35-08:00,0,36
projects/projects.js,118,js,596fed6,Brian Jing,2025-11-07,11:08:35,-08:00,2025-11-07T11:08:35-08:00,0,21
projects/projects.js,119,js,596fed6,Brian Jing,2025-11-07,11:08:35,-08:00,2025-11-07T11:08:35-08:00,0,23
projects/projects.js,120,js,596fed6,Brian Jing,2025-11-07,11:08:35,-08:00,2025-11-07T11:08:35-08:00,0,21
projects/projects.js,121,js,596fed6,Brian Jing,2025-11-07,11:08:35,-08:00,2025-11-07T11:08:35-08:00,0,7
projects/projects.js,122,js,596fed6,Brian Jing,2025-11-07,11:08:35,-08:00,2025-11-07T11:08:35-08:00,0,25
projects/projects.js,123,js,596fed6,Brian Jing,2025-11-07,11:08:35,-08:00,2025-11-07T11:08:35-08:00,0,57
projects/projects.js,124,js,596fed6,Brian Jing,2025-11-07,11:08:35,-08:00,2025-11-07T11:08:35-08:00,0,46
projects/projects.js,125,js,596fed6,Brian Jing,2025-11-07,11:08:35,-08:00,2025-11-07T11:08:35-08:00,0,8
projects/projects.js,126,js,596fed6,Brian Jing,2025-11-07,11:08:35,-08:00,2025-11-07T11:08:35-08:00,0,0
projects/projects.js,127,js,596fed6,Brian Jing,2025-11-07,11:08:35,-08:00,2025-11-07T11:08:35-08:00,0,60
projects/projects.js,128,js,596fed6,Brian Jing,2025-11-07,11:08:35,-08:00,2025-11-07T11:08:35-08:00,0,49
projects/projects.js,129,js,596fed6,Brian Jing,2025-11-07,11:08:35,-08:00,2025-11-07T11:08:35-08:00,0,67
projects/projects.js,130,js,596fed6,Brian Jing,2025-11-07,11:08:35,-08:00,2025-11-07T11:08:35-08:00,0,61
projects/projects.js,131,js,596fed6,Brian Jing,2025-11-07,11:08:35,-08:00,2025-11-07T11:08:35-08:00,0,54
projects/projects.js,132,js,596fed6,Brian Jing,2025-11-07,11:08:35,-08:00,2025-11-07T11:08:35-08:00,0,0
projects/projects.js,133,js,596fed6,Brian Jing,2025-11-07,11:08:35,-08:00,2025-11-07T11:08:35-08:00,0,35
projects/projects.js,134,js,596fed6,Brian Jing,2025-11-07,11:08:35,-08:00,2025-11-07T11:08:35-08:00,0,35
projects/projects.js,135,js,596fed6,Brian Jing,2025-11-07,11:08:35,-08:00,2025-11-07T11:08:35-08:00,0,39
projects/projects.js,136,js,596fed6,Brian Jing,2025-11-07,11:08:35,-08:00,2025-11-07T11:08:35-08:00,0,42
projects/projects.js,137,js,596fed6,Brian Jing,2025-11-07,11:08:35,-08:00,2025-11-07T11:08:35-08:00,0,39
projects/projects.js,138,js,596fed6,Brian Jing,2025-11-07,11:08:35,-08:00,2025-11-07T11:08:35-08:00,0,0
projects/projects.js,139,js,596fed6,Brian Jing,2025-11-07,11:08:35,-08:00,2025-11-07T11:08:35-08:00,0,28
projects/projects.js,140,js,596fed6,Brian Jing,2025-11-07,11:08:35,-08:00,2025-11-07T11:08:35-08:00,0,23
projects/projects.js,141,js,596fed6,Brian Jing,2025-11-07,11:08:35,-08:00,2025-11-07T11:08:35-08:00,0,36
projects/projects.js,142,js,596fed6,Brian Jing,2025-11-07,11:08:35,-08:00,2025-11-07T11:08:35-08:00,0,30
projects/projects.js,143,js,596fed6,Brian Jing,2025-11-07,11:08:35,-08:00,2025-11-07T11:08:35-08:00,0,24
projects/projects.js,144,js,596fed6,Brian Jing,2025-11-07,11:08:35,-08:00,2025-11-07T11:08:35-08:00,0,35
projects/projects.js,145,js,596fed6,Brian Jing,2025-11-07,11:08:35,-08:00,2025-11-07T11:08:35-08:00,0,29
projects/projects.js,146,js,596fed6,Brian Jing,2025-11-07,11:08:35,-08:00,2025-11-07T11:08:35-08:00,0,62
projects/projects.js,147,js,596fed6,Brian Jing,2025-11-07,11:08:35,-08:00,2025-11-07T11:08:35-08:00,0,0
projects/projects.js,148,js,596fed6,Brian Jing,2025-11-07,11:08:35,-08:00,2025-11-07T11:08:35-08:00,0,37
projects/projects.js,149,js,596fed6,Brian Jing,2025-11-07,11:08:35,-08:00,2025-11-07T11:08:35-08:00,0,43
projects/projects.js,150,js,596fed6,Brian Jing,2025-11-07,11:08:35,-08:00,2025-11-07T11:08:35-08:00,0,62
projects/projects.js,151,js,596fed6,Brian Jing,2025-11-07,11:08:35,-08:00,2025-11-07T11:08:35-08:00,0,19
projects/projects.js,152,js,596fed6,Brian Jing,2025-11-07,11:08:35,-08:00,2025-11-07T11:08:35-08:00,6,0
projects/projects.js,153,js,596fed6,Brian Jing,2025-11-07,11:08:35,-08:00,2025-11-07T11:08:35-08:00,0,38
projects/projects.js,154,js,596fed6,Brian Jing,2025-11-07,11:08:35,-08:00,2025-11-07T11:08:35-08:00,0,43
projects/projects.js,155,js,596fed6,Brian Jing,2025-11-07,11:08:35,-08:00,2025-11-07T11:08:35-08:00,0,62
projects/projects.js,156,js,596fed6,Brian Jing,2025-11-07,11:08:35,-08:00,2025-11-07T11:08:35-08:00,0,19
projects/projects.js,157,js,596fed6,Brian Jing,2025-11-07,11:08:35,-08:00,2025-11-07T11:08:35-08:00,6,0
projects/projects.js,158,js,596fed6,Brian Jing,2025-11-07,11:08:35,-08:00,2025-11-07T11:08:35-08:00,0,40
projects/projects.js,159,js,596fed6,Brian Jing,2025-11-07,11:08:35,-08:00,2025-11-07T11:08:35-08:00,0,67
projects/projects.js,160,js,596fed6,Brian Jing,2025-11-07,11:08:35,-08:00,2025-11-07T11:08:35-08:00,0,25
projects/projects.js,161,js,596fed6,Brian Jing,2025-11-07,11:08:35,-08:00,2025-11-07T11:08:35-08:00,0,71
projects/projects.js,162,js,596fed6,Brian Jing,2025-11-07,11:08:35,-08:00,2025-11-07T11:08:35-08:00,0,60
projects/projects.js,163,js,596fed6,Brian Jing,2025-11-07,11:08:35,-08:00,2025-11-07T11:08:35-08:00,0,67
projects/projects.js,164,js,596fed6,Brian Jing,2025-11-07,11:08:35,-08:00,2025-11-07T11:08:35-08:00,0,23
projects/projects.js,165,js,596fed6,Brian Jing,2025-11-07,11:08:35,-08:00,2025-11-07T11:08:35-08:00,0,79
projects/projects.js,166,js,596fed6,Brian Jing,2025-11-07,11:08:35,-08:00,2025-11-07T11:08:35-08:00,0,18
projects/projects.js,167,js,596fed6,Brian Jing,2025-11-07,11:08:35,-08:00,2025-11-07T11:08:35-08:00,0,12
projects/projects.js,168,js,596fed6,Brian Jing,2025-11-07,11:08:35,-08:00,2025-11-07T11:08:35-08:00,0,7
projects/projects.js,169,js,596fed6,Brian Jing,2025-11-07,11:08:35,-08:00,2025-11-07T11:08:35-08:00,0,0
projects/projects.js,170,js,596fed6,Brian Jing,2025-11-07,11:08:35,-08:00,2025-11-07T11:08:35-08:00,0,25
projects/projects.js,171,js,596fed6,Brian Jing,2025-11-07,11:08:35,-08:00,2025-11-07T11:08:35-08:00,0,34
projects/projects.js,172,js,596fed6,Brian Jing,2025-11-07,11:08:35,-08:00,2025-11-07T11:08:35-08:00,0,31
projects/projects.js,173,js,596fed6,Brian Jing,2025-11-07,11:08:35,-08:00,2025-11-07T11:08:35-08:00,0,49
projects/projects.js,174,js,596fed6,Brian Jing,2025-11-07,11:08:35,-08:00,2025-11-07T11:08:35-08:00,0,80
projects/projects.js,175,js,596fed6,Brian Jing,2025-11-07,11:08:35,-08:00,2025-11-07T11:08:35-08:00,0,8
projects/projects.js,176,js,596fed6,Brian Jing,2025-11-07,11:08:35,-08:00,2025-11-07T11:08:35-08:00,0,2
projects/projects.js,177,js,596fed6,Brian Jing,2025-11-07,11:08:35,-08:00,2025-11-07T11:08:35-08:00,0,0
projects/projects.js,178,js,596fed6,Brian Jing,2025-11-07,11:08:35,-08:00,2025-11-07T11:08:35-08:00,0,29
projects/projects.js,179,js,596fed6,Brian Jing,2025-11-07,11:08:35,-08:00,2025-11-07T11:08:35-08:00,0,51
projects/projects.js,180,js,596fed6,Brian Jing,2025-11-07,11:08:35,-08:00,2025-11-07T11:08:35-08:00,0,26
projects/projects.js,181,js,596fed6,Brian Jing,2025-11-07,11:08:35,-08:00,2025-11-07T11:08:35-08:00,0,0
projects/projects.js,182,js,596fed6,Brian Jing,2025-11-07,11:08:35,-08:00,2025-11-07T11:08:35-08:00,0,27
projects/projects.js,183,js,596fed6,Brian Jing,2025-11-07,11:08:35,-08:00,2025-11-07T11:08:35-08:00,0,64
projects/projects.js,184,js,596fed6,Brian Jing,2025-11-07,11:08:35,-08:00,2025-11-07T11:08:35-08:00,0,20
projects/projects.js,185,js,596fed6,Brian Jing,2025-11-07,11:08:35,-08:00,2025-11-07T11:08:35-08:00,0,63
projects/projects.js,186,js,596fed6,Brian Jing,2025-11-07,11:08:35,-08:00,2025-11-07T11:08:35-08:00,0,2
projects/projects.js,187,js,596fed6,Brian Jing,2025-11-07,11:08:35,-08:00,2025-11-07T11:08:35-08:00,0,0
projects/projects.js,188,js,596fed6,Brian Jing,2025-11-07,11:08:35,-08:00,2025-11-07T11:08:35-08:00,0,100
projects/projects.js,189,js,596fed6,Brian Jing,2025-11-07,11:08:35,-08:00,2025-11-07T11:08:35-08:00,0,51
projects/projects.js,190,js,596fed6,Brian Jing,2025-11-07,11:08:35,-08:00,2025-11-07T11:08:35-08:00,0,36
projects/projects.js,191,js,596fed6,Brian Jing,2025-11-07,11:08:35,-08:00,2025-11-07T11:08:35-08:00,0,56
projects/projects.js,192,js,596fed6,Brian Jing,2025-11-07,11:08:35,-08:00,2025-11-07T11:08:35-08:00,0,66
projects/projects.js,193,js,596fed6,Brian Jing,2025-11-07,11:08:35,-08:00,2025-11-07T11:08:35-08:00,0,49
projects/projects.js,194,js,596fed6,Brian Jing,2025-11-07,11:08:35,-08:00,2025-11-07T11:08:35-08:00,0,6
projects/projects.js,195,js,596fed6,Brian Jing,2025-11-07,11:08:35,-08:00,2025-11-07T11:08:35-08:00,0,61
projects/projects.js,196,js,596fed6,Brian Jing,2025-11-07,11:08:35,-08:00,2025-11-07T11:08:35-08:00,0,36
projects/projects.js,197,js,596fed6,Brian Jing,2025-11-07,11:08:35,-08:00,2025-11-07T11:08:35-08:00,0,4
projects/index.html,1,html,596fed6,Brian Jing,2025-11-07,11:08:35,-08:00,2025-11-07T11:08:35-08:00,0,13
projects/index.html,2,html,596fed6,Brian Jing,2025-11-07,11:08:35,-08:00,2025-11-07T11:08:35-08:00,0,14
projects/index.html,3,html,596fed6,Brian Jing,2025-11-07,11:08:35,-08:00,2025-11-07T11:08:35-08:00,0,4
projects/index.html,4,html,596fed6,Brian Jing,2025-11-07,11:08:35,-08:00,2025-11-07T11:08:35-08:00,2,20
projects/index.html,5,html,596fed6,Brian Jing,2025-11-07,11:08:35,-08:00,2025-11-07T11:08:35-08:00,2,68
projects/index.html,6,html,596fed6,Brian Jing,2025-11-07,11:08:35,-08:00,2025-11-07T11:08:35-08:00,2,21
projects/index.html,7,html,596fed6,Brian Jing,2025-11-07,11:08:35,-08:00,2025-11-07T11:08:35-08:00,2,80
projects/index.html,8,html,596fed6,Brian Jing,2025-11-07,11:08:35,-08:00,2025-11-07T11:08:35-08:00,0,5
projects/index.html,9,html,596fed6,Brian Jing,2025-11-07,11:08:35,-08:00,2025-11-07T11:08:35-08:00,0,4
projects/index.html,10,html,596fed6,Brian Jing,2025-11-07,11:08:35,-08:00,2025-11-07T11:08:35-08:00,2,51
projects/index.html,11,html,596fed6,Brian Jing,2025-11-07,11:08:35,-08:00,2025-11-07T11:08:35-08:00,2,21
projects/index.html,12,html,596fed6,Brian Jing,2025-11-07,11:08:35,-08:00,2025-11-07T11:08:35-08:00,4,52
projects/index.html,13,html,596fed6,Brian Jing,2025-11-07,11:08:35,-08:00,2025-11-07T11:08:35-08:00,4,10
projects/index.html,14,html,596fed6,Brian Jing,2025-11-07,11:08:35,-08:00,2025-11-07T11:08:35-08:00,4,4
projects/index.html,15,html,596fed6,Brian Jing,2025-11-07,11:08:35,-08:00,2025-11-07T11:08:35-08:00,4,17
projects/index.html,16,html,596fed6,Brian Jing,2025-11-07,11:08:35,-08:00,2025-11-07T11:08:35-08:00,4,10
projects/index.html,17,html,596fed6,Brian Jing,2025-11-07,11:08:35,-08:00,2025-11-07T11:08:35-08:00,4,3
projects/index.html,18,html,596fed6,Brian Jing,2025-11-07,11:08:35,-08:00,2025-11-07T11:08:35-08:00,2,4
projects/index.html,19,html,596fed6,Brian Jing,2025-11-07,11:08:35,-08:00,2025-11-07T11:08:35-08:00,2,4
projects/index.html,20,html,596fed6,Brian Jing,2025-11-07,11:08:35,-08:00,2025-11-07T11:08:35-08:00,4,15
projects/index.html,21,html,596fed6,Brian Jing,2025-11-07,11:08:35,-08:00,2025-11-07T11:08:35-08:00,4,11
projects/index.html,22,html,596fed6,Brian Jing,2025-11-07,11:08:35,-08:00,2025-11-07T11:08:35-08:00,4,26
projects/index.html,23,html,596fed6,Brian Jing,2025-11-07,11:08:35,-08:00,2025-11-07T11:08:35-08:00,4,31
projects/index.html,24,html,596fed6,Brian Jing,2025-11-07,11:08:35,-08:00,2025-11-07T11:08:35-08:00,2,0
projects/index.html,25,html,596fed6,Brian Jing,2025-11-07,11:08:35,-08:00,2025-11-07T11:08:35-08:00,2,20
projects/index.html,26,html,596fed6,Brian Jing,2025-11-07,11:08:35,-08:00,2025-11-07T11:08:35-08:00,4,12
projects/index.html,27,html,596fed6,Brian Jing,2025-11-07,11:08:35,-08:00,2025-11-07T11:08:35-08:00,6,29
projects/index.html,28,html,596fed6,Brian Jing,2025-11-07,11:08:35,-08:00,2025-11-07T11:08:35-08:00,6,70
projects/index.html,29,html,596fed6,Brian Jing,2025-11-07,11:08:35,-08:00,2025-11-07T11:08:35-08:00,6,218
projects/index.html,30,html,596fed6,Brian Jing,2025-11-07,11:08:35,-08:00,2025-11-07T11:08:35-08:00,4,8
projects/index.html,31,html,596fed6,Brian Jing,2025-11-07,11:08:35,-08:00,2025-11-07T11:08:35-08:00,4,7
projects/index.html,32,html,596fed6,Brian Jing,2025-11-07,11:08:35,-08:00,2025-11-07T11:08:35-08:00,6,37
projects/index.html,33,html,596fed6,Brian Jing,2025-11-07,11:08:35,-08:00,2025-11-07T11:08:35-08:00,6,70
projects/index.html,34,html,596fed6,Brian Jing,2025-11-07,11:08:35,-08:00,2025-11-07T11:08:35-08:00,6,226
projects/index.html,35,html,596fed6,Brian Jing,2025-11-07,11:08:35,-08:00,2025-11-07T11:08:35-08:00,4,8
projects/index.html,36,html,596fed6,Brian Jing,2025-11-07,11:08:35,-08:00,2025-11-07T11:08:35-08:00,4,7
projects/index.html,37,html,596fed6,Brian Jing,2025-11-07,11:08:35,-08:00,2025-11-07T11:08:35-08:00,6,46
projects/index.html,38,html,596fed6,Brian Jing,2025-11-07,11:08:35,-08:00,2025-11-07T11:08:35-08:00,6,70
projects/index.html,39,html,596fed6,Brian Jing,2025-11-07,11:08:35,-08:00,2025-11-07T11:08:35-08:00,6,217
projects/index.html,40,html,596fed6,Brian Jing,2025-11-07,11:08:35,-08:00,2025-11-07T11:08:35-08:00,4,8
projects/index.html,41,html,596fed6,Brian Jing,2025-11-07,11:08:35,-08:00,2025-11-07T11:08:35-08:00,4,7
projects/index.html,42,html,596fed6,Brian Jing,2025-11-07,11:08:35,-08:00,2025-11-07T11:08:35-08:00,6,41
projects/index.html,43,html,596fed6,Brian Jing,2025-11-07,11:08:35,-08:00,2025-11-07T11:08:35-08:00,6,70
projects/index.html,44,html,596fed6,Brian Jing,2025-11-07,11:08:35,-08:00,2025-11-07T11:08:35-08:00,6,224
projects/index.html,45,html,596fed6,Brian Jing,2025-11-07,11:08:35,-08:00,2025-11-07T11:08:35-08:00,4,8
projects/index.html,46,html,596fed6,Brian Jing,2025-11-07,11:08:35,-08:00,2025-11-07T11:08:35-08:00,4,7
projects/index.html,47,html,596fed6,Brian Jing,2025-11-07,11:08:35,-08:00,2025-11-07T11:08:35-08:00,6,32
projects/index.html,48,html,596fed6,Brian Jing,2025-11-07,11:08:35,-08:00,2025-11-07T11:08:35-08:00,6,70
projects/index.html,49,html,596fed6,Brian Jing,2025-11-07,11:08:35,-08:00,2025-11-07T11:08:35-08:00,6,262
projects/index.html,50,html,596fed6,Brian Jing,2025-11-07,11:08:35,-08:00,2025-11-07T11:08:35-08:00,4,8
projects/index.html,51,html,596fed6,Brian Jing,2025-11-07,11:08:35,-08:00,2025-11-07T11:08:35-08:00,4,7
projects/index.html,52,html,596fed6,Brian Jing,2025-11-07,11:08:35,-08:00,2025-11-07T11:08:35-08:00,6,34
projects/index.html,53,html,596fed6,Brian Jing,2025-11-07,11:08:35,-08:00,2025-11-07T11:08:35-08:00,6,70
projects/index.html,54,html,596fed6,Brian Jing,2025-11-07,11:08:35,-08:00,2025-11-07T11:08:35-08:00,6,219
projects/index.html,55,html,596fed6,Brian Jing,2025-11-07,11:08:35,-08:00,2025-11-07T11:08:35-08:00,4,8
projects/index.html,56,html,596fed6,Brian Jing,2025-11-07,11:08:35,-08:00,2025-11-07T11:08:35-08:00,4,7
projects/index.html,57,html,596fed6,Brian Jing,2025-11-07,11:08:35,-08:00,2025-11-07T11:08:35-08:00,6,28
projects/index.html,58,html,596fed6,Brian Jing,2025-11-07,11:08:35,-08:00,2025-11-07T11:08:35-08:00,6,70
projects/index.html,59,html,596fed6,Brian Jing,2025-11-07,11:08:35,-08:00,2025-11-07T11:08:35-08:00,6,236
projects/index.html,60,html,596fed6,Brian Jing,2025-11-07,11:08:35,-08:00,2025-11-07T11:08:35-08:00,4,8
projects/index.html,61,html,596fed6,Brian Jing,2025-11-07,11:08:35,-08:00,2025-11-07T11:08:35-08:00,4,7
projects/index.html,62,html,596fed6,Brian Jing,2025-11-07,11:08:35,-08:00,2025-11-07T11:08:35-08:00,6,31
projects/index.html,63,html,596fed6,Brian Jing,2025-11-07,11:08:35,-08:00,2025-11-07T11:08:35-08:00,6,70
projects/index.html,64,html,596fed6,Brian Jing,2025-11-07,11:08:35,-08:00,2025-11-07T11:08:35-08:00,6,234
projects/index.html,65,html,596fed6,Brian Jing,2025-11-07,11:08:35,-08:00,2025-11-07T11:08:35-08:00,4,8
projects/index.html,66,html,596fed6,Brian Jing,2025-11-07,11:08:35,-08:00,2025-11-07T11:08:35-08:00,4,7
projects/index.html,67,html,596fed6,Brian Jing,2025-11-07,11:08:35,-08:00,2025-11-07T11:08:35-08:00,6,39
projects/index.html,68,html,596fed6,Brian Jing,2025-11-07,11:08:35,-08:00,2025-11-07T11:08:35-08:00,6,70
projects/index.html,69,html,596fed6,Brian Jing,2025-11-07,11:08:35,-08:00,2025-11-07T11:08:35-08:00,6,229
projects/index.html,70,html,596fed6,Brian Jing,2025-11-07,11:08:35,-08:00,2025-11-07T11:08:35-08:00,4,8
projects/index.html,71,html,596fed6,Brian Jing,2025-11-07,11:08:35,-08:00,2025-11-07T11:08:35-08:00,4,7
projects/index.html,72,html,596fed6,Brian Jing,2025-11-07,11:08:35,-08:00,2025-11-07T11:08:35-08:00,6,40
projects/index.html,73,html,596fed6,Brian Jing,2025-11-07,11:08:35,-08:00,2025-11-07T11:08:35-08:00,6,70
projects/index.html,74,html,596fed6,Brian Jing,2025-11-07,11:08:35,-08:00,2025-11-07T11:08:35-08:00,6,221
projects/index.html,75,html,596fed6,Brian Jing,2025-11-07,11:08:35,-08:00,2025-11-07T11:08:35-08:00,4,8
projects/index.html,76,html,596fed6,Brian Jing,2025-11-07,11:08:35,-08:00,2025-11-07T11:08:35-08:00,4,7
projects/index.html,77,html,596fed6,Brian Jing,2025-11-07,11:08:35,-08:00,2025-11-07T11:08:35-08:00,6,35
projects/index.html,78,html,596fed6,Brian Jing,2025-11-07,11:08:35,-08:00,2025-11-07T11:08:35-08:00,6,70
projects/index.html,79,html,596fed6,Brian Jing,2025-11-07,11:08:35,-08:00,2025-11-07T11:08:35-08:00,6,213
projects/index.html,80,html,596fed6,Brian Jing,2025-11-07,11:08:35,-08:00,2025-11-07T11:08:35-08:00,4,8
projects/index.html,81,html,596fed6,Brian Jing,2025-11-07,11:08:35,-08:00,2025-11-07T11:08:35-08:00,4,7
projects/index.html,82,html,596fed6,Brian Jing,2025-11-07,11:08:35,-08:00,2025-11-07T11:08:35-08:00,6,36
projects/index.html,83,html,596fed6,Brian Jing,2025-11-07,11:08:35,-08:00,2025-11-07T11:08:35-08:00,6,70
projects/index.html,84,html,596fed6,Brian Jing,2025-11-07,11:08:35,-08:00,2025-11-07T11:08:35-08:00,6,230
projects/index.html,85,html,596fed6,Brian Jing,2025-11-07,11:08:35,-08:00,2025-11-07T11:08:35-08:00,4,12
projects/index.html,86,html,596fed6,Brian Jing,2025-11-07,11:08:35,-08:00,2025-11-07T11:08:35-08:00,2,4
projects/index.html,87,html,596fed6,Brian Jing,2025-11-07,11:08:35,-08:00,2025-11-07T11:08:35-08:00,0,0
projects/index.html,88,html,596fed6,Brian Jing,2025-11-07,11:08:35,-08:00,2025-11-07T11:08:35-08:00,2,100
projects/index.html,89,html,596fed6,Brian Jing,2025-11-07,11:08:35,-08:00,2025-11-07T11:08:35-08:00,2,47
projects/index.html,90,html,596fed6,Brian Jing,2025-11-07,11:08:35,-08:00,2025-11-07T11:08:35-08:00,2,5
projects/index.html,91,html,596fed6,Brian Jing,2025-11-07,11:08:35,-08:00,2025-11-07T11:08:35-08:00,0,5
contact/index.html,1,html,596fed6,Brian Jing,2025-11-07,11:08:35,-08:00,2025-11-07T11:08:35-08:00,0,13
contact/index.html,2,html,596fed6,Brian Jing,2025-11-07,11:08:35,-08:00,2025-11-07T11:08:35-08:00,0,14
contact/index.html,3,html,596fed6,Brian Jing,2025-11-07,11:08:35,-08:00,2025-11-07T11:08:35-08:00,0,4
contact/index.html,4,html,596fed6,Brian Jing,2025-11-07,11:08:35,-08:00,2025-11-07T11:08:35-08:00,2,20
contact/index.html,5,html,596fed6,Brian Jing,2025-11-07,11:08:35,-08:00,2025-11-07T11:08:35-08:00,2,68
contact/index.html,6,html,596fed6,Brian Jing,2025-11-07,11:08:35,-08:00,2025-11-07T11:08:35-08:00,2,24
contact/index.html,7,html,596fed6,Brian Jing,2025-11-07,11:08:35,-08:00,2025-11-07T11:08:35-08:00,2,80
contact/index.html,8,html,596fed6,Brian Jing,2025-11-07,11:08:35,-08:00,2025-11-07T11:08:35-08:00,0,5
contact/index.html,9,html,596fed6,Brian Jing,2025-11-07,11:08:35,-08:00,2025-11-07T11:08:35-08:00,0,4
contact/index.html,10,html,596fed6,Brian Jing,2025-11-07,11:08:35,-08:00,2025-11-07T11:08:35-08:00,2,14
contact/index.html,11,html,596fed6,Brian Jing,2025-11-07,11:08:35,-08:00,2025-11-07T11:08:35-08:00,0,0
contact/index.html,12,html,596fed6,Brian Jing,2025-11-07,11:08:35,-08:00,2025-11-07T11:08:35-08:00,2,40
contact/index.html,13,html,596fed6,Brian Jing,2025-11-07,11:08:35,-08:00,2025-11-07T11:08:35-08:00,2,39
contact/index.html,14,html,596fed6,Brian Jing,2025-11-07,11:08:35,-08:00,2025-11-07T11:08:35-08:00,0,0
contact/index.html,15,html,596fed6,Brian Jing,2025-11-07,11:08:35,-08:00,2025-11-07T11:08:35-08:00,2,3
contact/index.html,16,html,596fed6,Brian Jing,2025-11-07,11:08:35,-08:00,2025-11-07T11:08:35-08:00,2,32
contact/index.html,17,html,596fed6,Brian Jing,2025-11-07,11:08:35,-08:00,2025-11-07T11:08:35-08:00,2,11
contact/index.html,18,html,596fed6,Brian Jing,2025-11-07,11:08:35,-08:00,2025-11-07T11:08:35-08:00,2,19
contact/index.html,19,html,596fed6,Brian Jing,2025-11-07,11:08:35,-08:00,2025-11-07T11:08:35-08:00,4,5
contact/index.html,20,html,596fed6,Brian Jing,2025-11-07,11:08:35,-08:00,2025-11-07T11:08:35-08:00,6,17
contact/index.html,21,html,596fed6,Brian Jing,2025-11-07,11:08:35,-08:00,2025-11-07T11:08:35-08:00,6,33
contact/index.html,22,html,596fed6,Brian Jing,2025-11-07,11:08:35,-08:00,2025-11-07T11:08:35-08:00,4,6
contact/index.html,23,html,596fed6,Brian Jing,2025-11-07,11:08:35,-08:00,2025-11-07T11:08:35-08:00,0,0
contact/index.html,24,html,596fed6,Brian Jing,2025-11-07,11:08:35,-08:00,2025-11-07T11:08:35-08:00,4,5
contact/index.html,25,html,596fed6,Brian Jing,2025-11-07,11:08:35,-08:00,2025-11-07T11:08:35-08:00,6,6
contact/index.html,26,html,596fed6,Brian Jing,2025-11-07,11:08:35,-08:00,2025-11-07T11:08:35-08:00,6,22
contact/index.html,27,html,596fed6,Brian Jing,2025-11-07,11:08:35,-08:00,2025-11-07T11:08:35-08:00,4,6
contact/index.html,28,html,596fed6,Brian Jing,2025-11-07,11:08:35,-08:00,2025-11-07T11:08:35-08:00,0,0
contact/index.html,29,html,596fed6,Brian Jing,2025-11-07,11:08:35,-08:00,2025-11-07T11:08:35-08:00,4,5
contact/index.html,30,html,596fed6,Brian Jing,2025-11-07,11:08:35,-08:00,2025-11-07T11:08:35-08:00,6,6
contact/index.html,31,html,596fed6,Brian Jing,2025-11-07,11:08:35,-08:00,2025-11-07T11:08:35-08:00,6,31
contact/index.html,32,html,596fed6,Brian Jing,2025-11-07,11:08:35,-08:00,2025-11-07T11:08:35-08:00,4,6
contact/index.html,33,html,596fed6,Brian Jing,2025-11-07,11:08:35,-08:00,2025-11-07T11:08:35-08:00,0,0
contact/index.html,34,html,596fed6,Brian Jing,2025-11-07,11:08:35,-08:00,2025-11-07T11:08:35-08:00,4,21
contact/index.html,35,html,596fed6,Brian Jing,2025-11-07,11:08:35,-08:00,2025-11-07T11:08:35-08:00,2,5
contact/index.html,36,html,596fed6,Brian Jing,2025-11-07,11:08:35,-08:00,2025-11-07T11:08:35-08:00,0,91
contact/index.html,37,html,596fed6,Brian Jing,2025-11-07,11:08:35,-08:00,2025-11-07T11:08:35-08:00,0,5
contact/index.html,38,html,596fed6,Brian Jing,2025-11-07,11:08:35,-08:00,2025-11-07T11:08:35-08:00,0,5
contact/index.html,39,html,596fed6,Brian Jing,2025-11-07,11:08:35,-08:00,2025-11-07T11:08:35-08:00,0,0
